"sitio_id","sitio_nm","id","actividad_id","actividad_label","abreviatura_id","abreviatura_label","carga_actividad"
a6052e41-ef39-4648-a5f0-cbfbcf28d260,BAHÍA DARWIN,"163daa9d-0c4f-4c54-b876-44374e6c4627","931a24f3-05e2-45e2-b61e-34a358b440c5",SNORKEL,"931a24f3-05e2-45e2-b61e-34a358b440c5",SN,
ced31aa6-f7e7-4262-a13e-99e34a2d1a99,CENTRO DE CRIANZA FAUSTO LLERENA,"52e3d5ae-dccd-4b54-a2a3-55dffef9f145","9b9b69d6-1de1-4862-a7f1-c6d6d34d21c1",CAMINATA,"9b9b69d6-1de1-4862-a7f1-c6d6d34d21c1",CA,
"010c8a61-7f00-0010-1180-000058320979",BARTOLOMÉ,"5a74c22c-be36-4e7c-ad84-e2c586fd11f8","931a24f3-05e2-45e2-b61e-34a358b440c5",SNORKEL,"931a24f3-05e2-45e2-b61e-34a358b440c5",SN,
"03167e19-0394-4e98-a0bb-7e3f34716bc9",CENTRO DE INTERPRETACIÓN AMBIENTAL GIANNI ARISMENDY,b98b8942-e160-4e09-afdc-77e73b7bbc15,"9b9b69d6-1de1-4862-a7f1-c6d6d34d21c1",CAMINATA,"9b9b69d6-1de1-4862-a7f1-c6d6d34d21c1",CA,
"5f0d5004-fa42-4945-9de1-356c18fd673c",SANTA FE/FONDEADERO,"872481ac-7b12-4ef0-91ae-473c179d8f33",ef0b6210-2ad4-4691-b2ab-fb9ad873d39f,BUCEO SCUBA,ef0b6210-2ad4-4691-b2ab-fb9ad873d39f,SC,8
f4364f9a-a8e3-11e4-936b-6c3be5ba6ec8,JARDÍN DE LAS OPUNTIAS,c9948e9a-991c-44ed-9b67-0987eadcaecb,"9b9b69d6-1de1-4862-a7f1-c6d6d34d21c1",CAMINATA,"9b9b69d6-1de1-4862-a7f1-c6d6d34d21c1",CA,0
"38fe4fc9-6e8f-4939-a959-17f1de9868f3",CALETA TORTUGA NEGRA,"87b906ec-681f-49a0-84ea-d38176804cfe","57986a17-f816-41f2-bf46-6e64f281757a",PANGA RIDE,"57986a17-f816-41f2-bf46-6e64f281757a",PR,
"1f8cdf48-3b22-4ae4-b55e-171a4e6a814f",BARTOLOMÉ PUNTA,ab8d998d-1935-47dd-a093-9929724f1071,ef0b6210-2ad4-4691-b2ab-fb9ad873d39f,BUCEO SCUBA,ef0b6210-2ad4-4691-b2ab-fb9ad873d39f,SC,
"1f8cdf48-3b22-4ae4-b55e-171a4e6a814f",BARTOLOMÉ PUNTA,"37c08efa-59a6-4285-8ac2-2046a2fbe5a2","931a24f3-05e2-45e2-b61e-34a358b440c5",SNORKEL,"931a24f3-05e2-45e2-b61e-34a358b440c5",SN,
f43119c6-a8e3-11e4-be28-6c3be5ba6ec8,BAHÍA URBINA,e4348edf-0a4a-4e73-85eb-b54de38962a6,"931a24f3-05e2-45e2-b61e-34a358b440c5",SNORKEL,"931a24f3-05e2-45e2-b61e-34a358b440c5",SN,
"67b974c7-c889-460a-a79a-1364e6ec4d78",CENTRO DE CRIANZA ARNALDO TUPIZA,ea687401-2b8b-4d34-a79d-eb6e6ba30726,"9b9b69d6-1de1-4862-a7f1-c6d6d34d21c1",CAMINATA,"9b9b69d6-1de1-4862-a7f1-c6d6d34d21c1",CA,
"30badeca-a297-4049-9098-cf0aebb85116",MANGLECITO,acb893d9-cf9b-4f59-a21d-53d778da9cfc,"02563adc-7f00-0010-1180-00009a892925",CAMPAMENTO,"02563adc-7f00-0010-1180-00009a892925",CP,
f43119c6-a8e3-11e4-be28-6c3be5ba6ec8,BAHÍA URBINA,ad95e14b-8601-4809-8da9-7b0d0480eaac,"9b9b69d6-1de1-4862-a7f1-c6d6d34d21c1",CAMINATA,"9b9b69d6-1de1-4862-a7f1-c6d6d34d21c1",CA,
f8d57b6c-3d11-451d-b237-ad26f21b22ed,BAHÍA ELIZABETH,"2b05de58-c42c-4546-96cd-d9abfe6d115f","57986a17-f816-41f2-bf46-6e64f281757a",PANGA RIDE,"57986a17-f816-41f2-bf46-6e64f281757a",PR,
"5f469b33-a217-4ad9-9b53-ff1295bf776f",BAJO GARDNER,eb227b4f-d022-4868-b9d7-9b7d9d7c01e9,"931a24f3-05e2-45e2-b61e-34a358b440c5",SNORKEL,"931a24f3-05e2-45e2-b61e-34a358b440c5",SN,
"010c8a61-7f00-0010-1180-000058320979",BARTOLOMÉ,"5069b0e9-cba2-4b10-a72f-97d942b92881","57986a17-f816-41f2-bf46-6e64f281757a",PANGA RIDE,"57986a17-f816-41f2-bf46-6e64f281757a",PR,
a4932cf3-0f87-4f59-8d5a-8fd2925d0c4b,EL BARRANCO - ISLA SANTA CRUZ,c4d6ed50-eb96-4dcd-8099-7ea18858e21c,fe8c554a-f0a7-42c2-be50-ab53cc202931,BUCEO NOCTURNO,fe8c554a-f0a7-42c2-be50-ab53cc202931,BN,0
"82d12c0b-8b33-4f2e-81e7-b16b8ed0a901",BAHÍA BALLENA,b56a8b05-ee06-4b2c-ad62-0208450639f4,"57986a17-f816-41f2-bf46-6e64f281757a",PANGA RIDE,"57986a17-f816-41f2-bf46-6e64f281757a",PR,
"889bb4e3-9c1b-49ab-8048-68fd46c4cdab",BAHÍA SULLIVAN,"29b2616f-3111-4b32-b174-6901888c55e3","931a24f3-05e2-45e2-b61e-34a358b440c5",SNORKEL,"931a24f3-05e2-45e2-b61e-34a358b440c5",SN,
f4374328-a8e3-11e4-87ac-6c3be5ba6ec8,MIRADOR DE LA BARONESA,"019fa573-53b0-4393-9002-7a5481300c37","57986a17-f816-41f2-bf46-6e64f281757a",PANGA RIDE,"57986a17-f816-41f2-bf46-6e64f281757a",PR,
f4374328-a8e3-11e4-87ac-6c3be5ba6ec8,MIRADOR DE LA BARONESA,add134b7-5c8f-43a3-84aa-935a7cc3aa35,ff75bbd1-c4a1-4c21-9dba-ff444b7dba84,KAYAK,ff75bbd1-c4a1-4c21-9dba-ff444b7dba84,KY,
f4341176-a8e3-11e4-8952-6c3be5ba6ec8,GARRAPATERO,"567c7357-43c9-4e97-84d0-c78d44d8ffc2","02563adc-7f00-0010-1180-00009a892925",CAMPAMENTO,"02563adc-7f00-0010-1180-00009a892925",CP,
cf0492d7-13d2-44fd-8cf8-46efe821e365,CABO MARSHALL,"2e045da9-be71-4c19-8c54-a6d9414789ba",ef0b6210-2ad4-4691-b2ab-fb9ad873d39f,BUCEO SCUBA,ef0b6210-2ad4-4691-b2ab-fb9ad873d39f,SC,
a6052e41-ef39-4648-a5f0-cbfbcf28d260,BAHÍA DARWIN,a11a29c4-3e36-45d2-ada9-15197403dab5,"57986a17-f816-41f2-bf46-6e64f281757a",PANGA RIDE,"57986a17-f816-41f2-bf46-6e64f281757a",PR,
cf0492d7-13d2-44fd-8cf8-46efe821e365,CABO MARSHALL,bb51b7cb-8bf3-4a15-ac60-3b07749b1a5e,"931a24f3-05e2-45e2-b61e-34a358b440c5",SNORKEL,"931a24f3-05e2-45e2-b61e-34a358b440c5",SN,
"010c8a61-7f00-0010-1180-000058320979",BARTOLOMÉ,"8021fc02-9aad-434e-b5e0-9ffb51552aa7","9b9b69d6-1de1-4862-a7f1-c6d6d34d21c1",CAMINATA,"9b9b69d6-1de1-4862-a7f1-c6d6d34d21c1",CA,
"889bb4e3-9c1b-49ab-8048-68fd46c4cdab",BAHÍA SULLIVAN,c9cc7960-cb6d-4d32-8a58-51b60fd2e186,"9b9b69d6-1de1-4862-a7f1-c6d6d34d21c1",CAMINATA,"9b9b69d6-1de1-4862-a7f1-c6d6d34d21c1",CA,
"269ecd94-067e-48cc-a709-eece3bf297ed",CALETA BUCANERO,d278760c-56e1-4ae1-ab38-70186a41b3ec,"931a24f3-05e2-45e2-b61e-34a358b440c5",SNORKEL,"931a24f3-05e2-45e2-b61e-34a358b440c5",SN,
"82d12c0b-8b33-4f2e-81e7-b16b8ed0a901",BAHÍA BALLENA,"254c81e8-7499-4eb2-a615-a14c89fa38a3","9b9b69d6-1de1-4862-a7f1-c6d6d34d21c1",CAMINATA,"9b9b69d6-1de1-4862-a7f1-c6d6d34d21c1",CA,6
a6052e41-ef39-4648-a5f0-cbfbcf28d260,BAHÍA DARWIN,dadbdb83-a03c-4428-b350-040f8f8b823a,"9b9b69d6-1de1-4862-a7f1-c6d6d34d21c1",CAMINATA,"9b9b69d6-1de1-4862-a7f1-c6d6d34d21c1",CA,
"82d12c0b-8b33-4f2e-81e7-b16b8ed0a901",BAHÍA BALLENA,faf560e5-6948-46cd-a2f7-75a7ce8a3cf1,ff75bbd1-c4a1-4c21-9dba-ff444b7dba84,KAYAK,ff75bbd1-c4a1-4c21-9dba-ff444b7dba84,KY,
f4341176-a8e3-11e4-8952-6c3be5ba6ec8,GARRAPATERO,e7deaad1-7678-4164-ad17-65a2ac01e26f,"931a24f3-05e2-45e2-b61e-34a358b440c5",SNORKEL,"931a24f3-05e2-45e2-b61e-34a358b440c5",SN,
bdcc77f4-9173-4493-bdae-3fa9287a72c0,ISLOTE FIVE FINGERS,"1fad8359-f0c4-487f-980b-c94ab3f55d55",ef0b6210-2ad4-4691-b2ab-fb9ad873d39f,BUCEO SCUBA,ef0b6210-2ad4-4691-b2ab-fb9ad873d39f,SC,
f4336fe6-a8e3-11e4-a1cb-6c3be5ba6ec8,EL ARCO,"2b27005b-909e-47d1-b8ee-e5884b06797b",ef0b6210-2ad4-4691-b2ab-fb9ad873d39f,BUCEO SCUBA,ef0b6210-2ad4-4691-b2ab-fb9ad873d39f,SC,
"0427bf14-1573-11e5-b179-6c3be5ba6ec8",EL ESTERO,"86c6fc5a-2e4e-4856-b31c-2cc401094622","621279b0-9e1e-460d-922b-1e485f0a2955",SURF,"621279b0-9e1e-460d-922b-1e485f0a2955",SF,0
"204ad883-f11e-49c8-a48d-ab3197d157c7",BAHIA POST OFFICE,"435d6b88-f7a1-4141-a325-b7c474f390e8","931a24f3-05e2-45e2-b61e-34a358b440c5",SNORKEL,"931a24f3-05e2-45e2-b61e-34a358b440c5",SN,
"204ad883-f11e-49c8-a48d-ab3197d157c7",BAHIA POST OFFICE,fd8d1df6-a8ab-4bdc-ab6a-1855a84c12bb,"9b9b69d6-1de1-4862-a7f1-c6d6d34d21c1",CAMINATA,"9b9b69d6-1de1-4862-a7f1-c6d6d34d21c1",CA,
"49552ae8-9794-4578-a8d4-1400bee6da4f",LA ANGELITA,"21ebf200-7dc5-4777-be77-dfa05986fb34","621279b0-9e1e-460d-922b-1e485f0a2955",SURF,"621279b0-9e1e-460d-922b-1e485f0a2955",SF,0
"13e9c477-7ebe-4bd7-923c-5e51b87d4e35",ISLOTE CHAMPION,"3f31c932-2aa9-43d7-a19a-e63b603912e8",ef0b6210-2ad4-4691-b2ab-fb9ad873d39f,BUCEO SCUBA,ef0b6210-2ad4-4691-b2ab-fb9ad873d39f,SC,
f4338134-a8e3-11e4-b9b2-6c3be5ba6ec8,EL BARRANCO ,"4ec998ac-0418-4935-bbc3-f944d03b3c7d","931a24f3-05e2-45e2-b61e-34a358b440c5",SNORKEL,"931a24f3-05e2-45e2-b61e-34a358b440c5",SN,
"4164f5b0-6bdb-4a4c-93f7-3e1a9cd4da5d",ISLOTE CUATRO HERMANOS,"8e94c240-c765-4dd8-8c67-a01a18d27e6b",ef0b6210-2ad4-4691-b2ab-fb9ad873d39f,BUCEO SCUBA,ef0b6210-2ad4-4691-b2ab-fb9ad873d39f,SC,4
f436fd8c-a8e3-11e4-b33c-6c3be5ba6ec8,LOS GEMELOS,"058d8fdb-3054-494e-b375-ea513d55c40f","9b9b69d6-1de1-4862-a7f1-c6d6d34d21c1",CAMINATA,"9b9b69d6-1de1-4862-a7f1-c6d6d34d21c1",CA,
ea7bb8b7-e3c7-4c73-9432-9c868b2002f1,DAPHNE MENOR,"3c55f3e8-e2de-48aa-8146-ffc158cd5af7",ef0b6210-2ad4-4691-b2ab-fb9ad873d39f,BUCEO SCUBA,ef0b6210-2ad4-4691-b2ab-fb9ad873d39f,SC,
d69f5ec3-2c25-4eb2-a2f2-c23a17f92518,EL JUNCO,"8cc99ee0-763a-47a0-90c8-5a6c133849aa","9b9b69d6-1de1-4862-a7f1-c6d6d34d21c1",CAMINATA,"9b9b69d6-1de1-4862-a7f1-c6d6d34d21c1",CA,
f4342dbe-a8e3-11e4-9ef1-6c3be5ba6ec8,ISLA COWLEY,"898c8451-a1ce-4fd5-b1f3-398dc07184d3",ef0b6210-2ad4-4691-b2ab-fb9ad873d39f,BUCEO SCUBA,ef0b6210-2ad4-4691-b2ab-fb9ad873d39f,SC,
ce97bd80-bc4a-4eaf-b817-1ad7420b0a5c,ISLOTE MOSQUERA,e43d57eb-501a-4049-8bf5-010bb5d8d884,"931a24f3-05e2-45e2-b61e-34a358b440c5",SNORKEL,"931a24f3-05e2-45e2-b61e-34a358b440c5",SN,
f4369aa4-a8e3-11e4-b2ae-6c3be5ba6ec8,LA LOBERÍA - ISLA SAN CRISTÓBAL,be3860ef-ac47-4365-af07-9392f7b1cbf6,"9b9b69d6-1de1-4862-a7f1-c6d6d34d21c1",CAMINATA,"9b9b69d6-1de1-4862-a7f1-c6d6d34d21c1",CA,
f439ca9e-a8e3-11e4-b345-6c3be5ba6ec8,RESERVA EL CHATO,"115c2869-934f-42f6-b858-3dd9116ed94b","9b9b69d6-1de1-4862-a7f1-c6d6d34d21c1",CAMINATA,"9b9b69d6-1de1-4862-a7f1-c6d6d34d21c1",CA,
f4338134-a8e3-11e4-b9b2-6c3be5ba6ec8,EL BARRANCO ,"43a80a87-d668-4f31-ad42-f97485478dce","57986a17-f816-41f2-bf46-6e64f281757a",PANGA RIDE,"57986a17-f816-41f2-bf46-6e64f281757a",PR,
ae4030af-978d-420a-844c-7ee2b8c917cc,GUY FAWKES SUR,"52ca8ffa-77c5-405a-9488-35a369edfa6c",ef0b6210-2ad4-4691-b2ab-fb9ad873d39f,BUCEO SCUBA,ef0b6210-2ad4-4691-b2ab-fb9ad873d39f,SC,
"214e1f2c-743a-4e6f-9383-5706dd0cfd30",CERRO BRUJO,"78eb4406-2447-4d47-9247-f653a77fa0e3","9b9b69d6-1de1-4862-a7f1-c6d6d34d21c1",CAMINATA,"9b9b69d6-1de1-4862-a7f1-c6d6d34d21c1",CA,
f4342dbe-a8e3-11e4-9ef1-6c3be5ba6ec8,ISLA COWLEY,"62441cc6-b79a-4536-a390-473a491e6159","931a24f3-05e2-45e2-b61e-34a358b440c5",SNORKEL,"931a24f3-05e2-45e2-b61e-34a358b440c5",SN,
"4164f5b0-6bdb-4a4c-93f7-3e1a9cd4da5d",ISLOTE CUATRO HERMANOS,f99d3e38-1408-413d-8f09-86a2ffd99bf9,"57986a17-f816-41f2-bf46-6e64f281757a",PANGA RIDE,"57986a17-f816-41f2-bf46-6e64f281757a",PR,
"64aac576-8e9f-413a-acc8-1918104c43d5",ISLOTE ENDERBY,"463d7278-c84c-47ed-861c-9d32ff3bcd6c",ef0b6210-2ad4-4691-b2ab-fb9ad873d39f,BUCEO SCUBA,ef0b6210-2ad4-4691-b2ab-fb9ad873d39f,SC,
bc633b68-8a51-443a-b1ba-0837f4e02f3f,LA VIUDA,"04a77d28-285c-4afb-9ced-a6caab065245",ef0b6210-2ad4-4691-b2ab-fb9ad873d39f,BUCEO SCUBA,ef0b6210-2ad4-4691-b2ab-fb9ad873d39f,SC,
e8502c0e-38ea-4a07-8e8b-57e3915b1ee6,CENTRO DE CRIANZA DE TORTUGAS TERRESTRES DAVID RODRÍGUEZ,eb3d64aa-61db-4916-bd0d-9cdc073cbf82,"9b9b69d6-1de1-4862-a7f1-c6d6d34d21c1",CAMINATA,"9b9b69d6-1de1-4862-a7f1-c6d6d34d21c1",CA,
"350d3377-8016-4c0d-a535-dab86347a36f",CERRO ALLIERI,"8be8bf20-4e0e-4449-a2bc-d1121eabb1ee","9b9b69d6-1de1-4862-a7f1-c6d6d34d21c1",CAMINATA,"9b9b69d6-1de1-4862-a7f1-c6d6d34d21c1",CA,
f436cf6a-a8e3-11e4-bdfb-6c3be5ba6ec8,LAS GRIETAS,f2ad4ffc-7b14-4605-85b7-9365d512e468,"931a24f3-05e2-45e2-b61e-34a358b440c5",SNORKEL,"931a24f3-05e2-45e2-b61e-34a358b440c5",SN,
d932433f-4bca-4e8e-8869-901e94dce903,LEÓN DORMIDO,ca5d1291-6cfb-4349-8e5b-1ec9b1acc935,ef0b6210-2ad4-4691-b2ab-fb9ad873d39f,BUCEO SCUBA,ef0b6210-2ad4-4691-b2ab-fb9ad873d39f,SC,
"38aa7673-863f-496d-b450-a13bfb55b00e",TINTORERAS,"67ad7d92-97ef-4e1b-84a0-4293fcf4bbc2","9b9b69d6-1de1-4862-a7f1-c6d6d34d21c1",CAMINATA,"9b9b69d6-1de1-4862-a7f1-c6d6d34d21c1",CA,8
f4341176-a8e3-11e4-8952-6c3be5ba6ec8,GARRAPATERO,c8a46204-d426-48c8-90f4-e591a8c86784,"9b9b69d6-1de1-4862-a7f1-c6d6d34d21c1",CAMINATA,"9b9b69d6-1de1-4862-a7f1-c6d6d34d21c1",CA,
ce97bd80-bc4a-4eaf-b817-1ad7420b0a5c,ISLOTE MOSQUERA,b6c5b8f5-7aa1-4bb9-b5de-5ce38c7c5125,"9b9b69d6-1de1-4862-a7f1-c6d6d34d21c1",CAMINATA,"9b9b69d6-1de1-4862-a7f1-c6d6d34d21c1",CA,
ae4030af-978d-420a-844c-7ee2b8c917cc,GUY FAWKES SUR,fb80802f-b600-4d8c-9976-f99df8a9e2cd,"931a24f3-05e2-45e2-b61e-34a358b440c5",SNORKEL,"931a24f3-05e2-45e2-b61e-34a358b440c5",SN,
"2f8163b8-03f8-4704-954e-f85f5bf21fba",CORONA DEL DIABLO,b7ce4058-8496-4932-828e-afa4c484c150,"931a24f3-05e2-45e2-b61e-34a358b440c5",SNORKEL,"931a24f3-05e2-45e2-b61e-34a358b440c5",SN,
f436cf6a-a8e3-11e4-bdfb-6c3be5ba6ec8,LAS GRIETAS,c6495a04-afc5-46be-8a8e-51bbe479e1af,"9b9b69d6-1de1-4862-a7f1-c6d6d34d21c1",CAMINATA,"9b9b69d6-1de1-4862-a7f1-c6d6d34d21c1",CA,
f4336fe6-a8e3-11e4-a1cb-6c3be5ba6ec8,EL ARCO,"0a912f32-0824-4992-a418-aa038ae32fac",fe8c554a-f0a7-42c2-be50-ab53cc202931,BUCEO NOCTURNO,fe8c554a-f0a7-42c2-be50-ab53cc202931,BN,
"01133432-7f00-0010-1180-000073f7e95a",CERRO DRAGÓN,"6e686a0e-0825-4d5c-98dd-af52379ee857","931a24f3-05e2-45e2-b61e-34a358b440c5",SNORKEL,"931a24f3-05e2-45e2-b61e-34a358b440c5",SN,
"13e9c477-7ebe-4bd7-923c-5e51b87d4e35",ISLOTE CHAMPION,"3e82c017-3cf0-40db-a3eb-cfd09a1a1ce6","57986a17-f816-41f2-bf46-6e64f281757a",PANGA RIDE,"57986a17-f816-41f2-bf46-6e64f281757a",PR,
"01133432-7f00-0010-1180-000073f7e95a",CERRO DRAGÓN,"88d473ec-8e6f-4e81-a567-e98964b67fd2","9b9b69d6-1de1-4862-a7f1-c6d6d34d21c1",CAMINATA,"9b9b69d6-1de1-4862-a7f1-c6d6d34d21c1",CA,
"214e1f2c-743a-4e6f-9383-5706dd0cfd30",CERRO BRUJO,da103f5c-7361-4dfa-ad93-6b07ddf57274,ff75bbd1-c4a1-4c21-9dba-ff444b7dba84,KAYAK,ff75bbd1-c4a1-4c21-9dba-ff444b7dba84,KY,
f4338134-a8e3-11e4-b9b2-6c3be5ba6ec8,EL BARRANCO ,"279b1029-167a-446b-a327-95b94f38ace1","9b9b69d6-1de1-4862-a7f1-c6d6d34d21c1",CAMINATA,"9b9b69d6-1de1-4862-a7f1-c6d6d34d21c1",CA,
d7379bb6-faa0-4d4b-bcd4-29b9c71a14ab,PLAYA DE LOS PERROS,"917f9a3c-6d7b-4bac-80ce-b56e898c3998","9b9b69d6-1de1-4862-a7f1-c6d6d34d21c1",CAMINATA,"9b9b69d6-1de1-4862-a7f1-c6d6d34d21c1",CA,
"5cb01c34-b83a-41a9-a41a-b7cc52ea434a",ISLOTE TORTUGA OESTE,"26768add-934b-4636-b1cd-3d07d66dddaa",ef0b6210-2ad4-4691-b2ab-fb9ad873d39f,BUCEO SCUBA,ef0b6210-2ad4-4691-b2ab-fb9ad873d39f,SC,
"16357c10-3093-11e5-afe0-6c3be5ba6ec8",PUNTA MANGLE,"49ea71a7-f6cc-4f02-82e4-cca6e25a8b9b","931a24f3-05e2-45e2-b61e-34a358b440c5",SNORKEL,"931a24f3-05e2-45e2-b61e-34a358b440c5",SN,
d932433f-4bca-4e8e-8869-901e94dce903,LEÓN DORMIDO,"05a1e361-1852-4a4c-bbf7-50ec19a80cab","931a24f3-05e2-45e2-b61e-34a358b440c5",SNORKEL,"931a24f3-05e2-45e2-b61e-34a358b440c5",SN,
f4392c10-a8e3-11e4-b954-6c3be5ba6ec8,PUERTO GRANDE,bae54fb2-e0c0-4818-9ad7-3fb68f73ffd6,"9b9b69d6-1de1-4862-a7f1-c6d6d34d21c1",CAMINATA,"9b9b69d6-1de1-4862-a7f1-c6d6d34d21c1",CA,
"8353949e-18bb-45ee-a3aa-8d0f77c7dbf5",PUNTA VICENTE ROCA,e22bbf3a-fce3-42d9-bd93-9797dd799a1d,ef0b6210-2ad4-4691-b2ab-fb9ad873d39f,BUCEO SCUBA,ef0b6210-2ad4-4691-b2ab-fb9ad873d39f,SC,
"795f77d1-85ee-4c63-9997-c856bd98dc6e",PLAYA OCHOA,"2366c024-959a-4d0a-b77b-b313085b6715","931a24f3-05e2-45e2-b61e-34a358b440c5",SNORKEL,"931a24f3-05e2-45e2-b61e-34a358b440c5",SN,
"0eaef95f-bb4e-478c-b13a-444d9174b3fc",MINAS DE SAL,b1a8644a-fd84-4db5-9a94-c5ce6ed36658,"9b9b69d6-1de1-4862-a7f1-c6d6d34d21c1",CAMINATA,"9b9b69d6-1de1-4862-a7f1-c6d6d34d21c1",CA,
eb5415d2-ce28-4697-8268-19a5c3e9b65a,PUNTUDO CERRO CROCKER,f6992034-efa9-4ec2-b054-9b0ff68ca8f6,"9b9b69d6-1de1-4862-a7f1-c6d6d34d21c1",CAMINATA,"9b9b69d6-1de1-4862-a7f1-c6d6d34d21c1",CA,
f43abc6a-a8e3-11e4-af3c-6c3be5ba6ec8,TORTUGA BAY,cd59f168-050e-48e2-950c-ad4a97d851f2,"931a24f3-05e2-45e2-b61e-34a358b440c5",SNORKEL,"931a24f3-05e2-45e2-b61e-34a358b440c5",SN,
b3955735-58a6-47f0-869c-40387a379825,MURO DE LAS LÁGRIMAS,"1c1802d5-f3be-4d38-94e8-8dd4ce5bc604","9b9b69d6-1de1-4862-a7f1-c6d6d34d21c1",CAMINATA,"9b9b69d6-1de1-4862-a7f1-c6d6d34d21c1",CA,
f4394efc-a8e3-11e4-be0c-6c3be5ba6ec8,PUNTA CARRIÓN,"172a1110-3909-4642-9fcb-fbbdeb9c6f89",ef0b6210-2ad4-4691-b2ab-fb9ad873d39f,BUCEO SCUBA,ef0b6210-2ad4-4691-b2ab-fb9ad873d39f,SC,
f439208a-a8e3-11e4-abbc-6c3be5ba6ec8,PUERTO CHINO,"135bcb4f-2fc3-4f1a-a6b8-8eaa1e8dd88a","931a24f3-05e2-45e2-b61e-34a358b440c5",SNORKEL,"931a24f3-05e2-45e2-b61e-34a358b440c5",SN,
f439208a-a8e3-11e4-abbc-6c3be5ba6ec8,PUERTO CHINO,"2743a415-beab-4edf-a3b1-7e8a367aab5c","9b9b69d6-1de1-4862-a7f1-c6d6d34d21c1",CAMINATA,"9b9b69d6-1de1-4862-a7f1-c6d6d34d21c1",CA,
f4385f56-a8e3-11e4-b8c3-6c3be5ba6ec8,PUNTA ESPINOZA,"3b5c349f-1898-44dd-984e-ecfeb0380093","931a24f3-05e2-45e2-b61e-34a358b440c5",SNORKEL,"931a24f3-05e2-45e2-b61e-34a358b440c5",SN,
f4383c9c-a8e3-11e4-947a-6c3be5ba6ec8,PUNTA CORMORANT ,caf1fbe7-3854-4c68-9b40-826e9113dbf5,"931a24f3-05e2-45e2-b61e-34a358b440c5",SNORKEL,"931a24f3-05e2-45e2-b61e-34a358b440c5",SN,
f4385f56-a8e3-11e4-b8c3-6c3be5ba6ec8,PUNTA ESPINOZA,eec62070-c3b7-4c65-9aa3-3eb640e3a218,"9b9b69d6-1de1-4862-a7f1-c6d6d34d21c1",CAMINATA,"9b9b69d6-1de1-4862-a7f1-c6d6d34d21c1",CA,
"241242c3-f6ac-4322-a2e4-cc4d3eba79a4",PLAYA ESPUMILLA,e9c29ebd-95dc-4e5d-9af6-1876dd45b773,"9b9b69d6-1de1-4862-a7f1-c6d6d34d21c1",CAMINATA,"9b9b69d6-1de1-4862-a7f1-c6d6d34d21c1",CA,
f4374328-a8e3-11e4-87ac-6c3be5ba6ec8,MIRADOR DE LA BARONESA,"28ad9ac2-eb9d-4ffb-893f-35de377adc63","9b9b69d6-1de1-4862-a7f1-c6d6d34d21c1",CAMINATA,"9b9b69d6-1de1-4862-a7f1-c6d6d34d21c1",CA,
"4e68cc28-132c-49f2-8460-034df60fc43c",PLAYA LAS BACHAS,"4ff2c72f-87fb-4a0d-b1c5-cf475b93279d","931a24f3-05e2-45e2-b61e-34a358b440c5",SNORKEL,"931a24f3-05e2-45e2-b61e-34a358b440c5",SN,
"4e68cc28-132c-49f2-8460-034df60fc43c",PLAYA LAS BACHAS,c54c6bd3-7489-4561-82a9-7c9cd265364b,"9b9b69d6-1de1-4862-a7f1-c6d6d34d21c1",CAMINATA,"9b9b69d6-1de1-4862-a7f1-c6d6d34d21c1",CA,
"33d0d675-328d-4f00-a266-64879f2a4742",PUNTA ALBERMARLE,"99245844-b4cd-4fb1-a7eb-aa5e151818b0","57986a17-f816-41f2-bf46-6e64f281757a",PANGA RIDE,"57986a17-f816-41f2-bf46-6e64f281757a",PR,
"9c731f45-1987-4174-a84d-7cb8ad9115d4",PUNTA MORENO,ddb1ec9b-ffc3-43e2-8a66-14d4b3699d16,"9b9b69d6-1de1-4862-a7f1-c6d6d34d21c1",CAMINATA,"9b9b69d6-1de1-4862-a7f1-c6d6d34d21c1",CA,
f43abc6a-a8e3-11e4-af3c-6c3be5ba6ec8,TORTUGA BAY,"799e265e-4b26-4b2d-8708-215b8be33b53","9b9b69d6-1de1-4862-a7f1-c6d6d34d21c1",CAMINATA,"9b9b69d6-1de1-4862-a7f1-c6d6d34d21c1",CA,
"55002240-2f00-11e5-9aff-6c3be5ba6ec8",LA BOTELLA,"75a76c71-6f0f-43b3-bcb8-f9b6614b1efc",ef0b6210-2ad4-4691-b2ab-fb9ad873d39f,BUCEO SCUBA,ef0b6210-2ad4-4691-b2ab-fb9ad873d39f,SC,0
"86209040-988d-4b00-9b87-c28eb8be6b2e",PUNTA NERUS,"1f161de1-19cd-4097-ac03-dd334a86fa98",ef0b6210-2ad4-4691-b2ab-fb9ad873d39f,BUCEO SCUBA,ef0b6210-2ad4-4691-b2ab-fb9ad873d39f,SC,
f4394efc-a8e3-11e4-be0c-6c3be5ba6ec8,PUNTA CARRIÓN,f769fe8f-8d3b-40cc-8058-d1a49d75cad6,"57986a17-f816-41f2-bf46-6e64f281757a",PANGA RIDE,"57986a17-f816-41f2-bf46-6e64f281757a",PR,
f4394efc-a8e3-11e4-be0c-6c3be5ba6ec8,PUNTA CARRIÓN,ad1a4bd7-0f6b-401a-a046-d70b1530cde4,eac9ef79-f37e-4f4a-ad0f-8b10010f1069,CHECK DIVE,eac9ef79-f37e-4f4a-ad0f-8b10010f1069,CD,
"16357c10-3093-11e5-afe0-6c3be5ba6ec8",PUNTA MANGLE,"7a18b873-4fef-4cb5-b56d-5b3e576fac59","57986a17-f816-41f2-bf46-6e64f281757a",PANGA RIDE,"57986a17-f816-41f2-bf46-6e64f281757a",PR,
"33d0d675-328d-4f00-a266-64879f2a4742",PUNTA ALBERMARLE,fa3f533d-7e57-4077-b61c-a0dd193b2ae1,"9b9b69d6-1de1-4862-a7f1-c6d6d34d21c1",CAMINATA,"9b9b69d6-1de1-4862-a7f1-c6d6d34d21c1",CA,
f4392c10-a8e3-11e4-b954-6c3be5ba6ec8,PUERTO GRANDE,"0eedd77f-c95b-4e70-bdd9-69d2bf46aed7",ff75bbd1-c4a1-4c21-9dba-ff444b7dba84,KAYAK,ff75bbd1-c4a1-4c21-9dba-ff444b7dba84,KY,
"241242c3-f6ac-4322-a2e4-cc4d3eba79a4",PLAYA ESPUMILLA,f0d98a38-237f-47a2-a938-283cb4c6a102,ff75bbd1-c4a1-4c21-9dba-ff444b7dba84,KAYAK,ff75bbd1-c4a1-4c21-9dba-ff444b7dba84,KY,
"795f77d1-85ee-4c63-9997-c856bd98dc6e",PLAYA OCHOA,bc062b41-4190-43be-9349-1259579ff94e,"9b9b69d6-1de1-4862-a7f1-c6d6d34d21c1",CAMINATA,"9b9b69d6-1de1-4862-a7f1-c6d6d34d21c1",CA,
"33d0d675-328d-4f00-a266-64879f2a4742",PUNTA ALBERMARLE,e3f510eb-051e-4aad-844c-afc8a30c60d2,ff75bbd1-c4a1-4c21-9dba-ff444b7dba84,KAYAK,ff75bbd1-c4a1-4c21-9dba-ff444b7dba84,KY,
"8353949e-18bb-45ee-a3aa-8d0f77c7dbf5",PUNTA VICENTE ROCA,"5fc79801-44eb-420b-9b75-c363ddd3b01b","931a24f3-05e2-45e2-b61e-34a358b440c5",SNORKEL,"931a24f3-05e2-45e2-b61e-34a358b440c5",SN,
"8353949e-18bb-45ee-a3aa-8d0f77c7dbf5",PUNTA VICENTE ROCA,a01ed6be-beb7-412c-920c-cd52c552ff43,"57986a17-f816-41f2-bf46-6e64f281757a",PANGA RIDE,"57986a17-f816-41f2-bf46-6e64f281757a",PR,
f43748fa-a8e3-11e4-a630-6c3be5ba6ec8,MIRADOR DEL MANGO,"6c8768e9-3fce-44c0-af48-cb5790af32cd","9b9b69d6-1de1-4862-a7f1-c6d6d34d21c1",CAMINATA,"9b9b69d6-1de1-4862-a7f1-c6d6d34d21c1",CA,0
e8036232-4cc7-46d6-ae11-a822c7448d7e,CABO DOUGLAS,"8462ead7-e31c-43fe-87b9-3d8d6cdb9b62",ef0b6210-2ad4-4691-b2ab-fb9ad873d39f,BUCEO SCUBA,ef0b6210-2ad4-4691-b2ab-fb9ad873d39f,SC,
"6ea66483-f264-41ea-89bf-046726700138",PLAYA GRANDE,"7b3cb5ee-f311-43ef-b611-0340d8b2085e","621279b0-9e1e-460d-922b-1e485f0a2955",SURF,"621279b0-9e1e-460d-922b-1e485f0a2955",SF,0
fbf11585-da5f-4df3-9992-6b2e780b359f,ISLOTE WATSON,"736e27aa-a3ed-46c4-bf7f-0519420cc680",ef0b6210-2ad4-4691-b2ab-fb9ad873d39f,BUCEO SCUBA,ef0b6210-2ad4-4691-b2ab-fb9ad873d39f,SC,
c8ef969a-ebc7-44f3-8aed-a26b74d698d6,ROCA BALLENA,"1607ccc4-a38f-4371-aab8-7b7bd72633f1",ef0b6210-2ad4-4691-b2ab-fb9ad873d39f,BUCEO SCUBA,ef0b6210-2ad4-4691-b2ab-fb9ad873d39f,SC,
"8eb1e9ef-dca3-44cd-b371-566a6a0d9b29",PUNTA OESTE TORTUGA BAY,"457d2ebe-b635-4f88-865f-d19ec1e2e3d0","621279b0-9e1e-460d-922b-1e485f0a2955",SURF,"621279b0-9e1e-460d-922b-1e485f0a2955",SF,0
"728f089b-6267-4a91-947a-03e436a5ea1b",SEYMOUR CANAL,d5e26518-250f-47a2-8a56-4f65d62ba3ff,ef0b6210-2ad4-4691-b2ab-fb9ad873d39f,BUCEO SCUBA,ef0b6210-2ad4-4691-b2ab-fb9ad873d39f,SC,
e7d1d3f6-9578-41a7-8176-fb837d587cf9,RÁBIDA,"57359032-ded3-4a48-b3e2-ecdae0b4dd7a","9b9b69d6-1de1-4862-a7f1-c6d6d34d21c1",CAMINATA,"9b9b69d6-1de1-4862-a7f1-c6d6d34d21c1",CA,
"18e57ba6-cfc7-4574-9966-dcf4269e5f7f",VOLCÁN SIERRA NEGRA/VOLCÁN CHICO,e38ecc52-674e-4eac-901a-b16c3d7fc7d9,"9b9b69d6-1de1-4862-a7f1-c6d6d34d21c1",CAMINATA,"9b9b69d6-1de1-4862-a7f1-c6d6d34d21c1",CA,
dc6f658e-ff6e-41c0-b799-1e44e59dbba0,ROCAS GORDON,d16ccb9b-728c-41fb-a411-761440bcc72f,ef0b6210-2ad4-4691-b2ab-fb9ad873d39f,BUCEO SCUBA,ef0b6210-2ad4-4691-b2ab-fb9ad873d39f,SC,
f43859a2-a8e3-11e4-be4d-6c3be5ba6ec8,PUNTA ESPEJO,"750355b3-0c9b-4523-9a6d-6f05a1331d8f",ef0b6210-2ad4-4691-b2ab-fb9ad873d39f,BUCEO SCUBA,ef0b6210-2ad4-4691-b2ab-fb9ad873d39f,SC,
a1ea6f6f-7286-4171-ae8f-b38644385143,PUERTO EGAS,"78e064d1-afb7-47f0-80b5-60b75d67b606","931a24f3-05e2-45e2-b61e-34a358b440c5",SNORKEL,"931a24f3-05e2-45e2-b61e-34a358b440c5",SN,
cbb52b73-9a69-4345-a648-f5e4d7da16b5,ROCAS BAINBRIDGE,d79b9d34-f672-4635-99b3-c6a234e30cc1,ef0b6210-2ad4-4691-b2ab-fb9ad873d39f,BUCEO SCUBA,ef0b6210-2ad4-4691-b2ab-fb9ad873d39f,SC,
"53b675bb-2e13-4015-a501-623ce078042c",ROCAS BEAGLE,"61b1d9b1-5bb9-4e58-a495-5ae4a5ecafdc",ef0b6210-2ad4-4691-b2ab-fb9ad873d39f,BUCEO SCUBA,ef0b6210-2ad4-4691-b2ab-fb9ad873d39f,SC,
"53b675bb-2e13-4015-a501-623ce078042c",ROCAS BEAGLE,dcbce0da-2249-4576-a8e3-6235ea75271c,"931a24f3-05e2-45e2-b61e-34a358b440c5",SNORKEL,"931a24f3-05e2-45e2-b61e-34a358b440c5",SN,
"9cf86800-858f-483a-bfee-a88142feeff3",SEYMOUR NE,"1ad46c19-f47a-4d39-92a5-5aac4557313c",ef0b6210-2ad4-4691-b2ab-fb9ad873d39f,BUCEO SCUBA,ef0b6210-2ad4-4691-b2ab-fb9ad873d39f,SC,
"066de9da-00a2-4170-a272-46af17805ef3",ROCA BLANCA,"70f2b279-7ce6-42cb-8607-e4508a3fc297",ef0b6210-2ad4-4691-b2ab-fb9ad873d39f,BUCEO SCUBA,ef0b6210-2ad4-4691-b2ab-fb9ad873d39f,SC,
f4398322-a8e3-11e4-a376-6c3be5ba6ec8,PUNTA PITT,f2268c65-3724-480a-befa-264751701a00,ff75bbd1-c4a1-4c21-9dba-ff444b7dba84,KAYAK,ff75bbd1-c4a1-4c21-9dba-ff444b7dba84,KY,
f43323ce-a8e3-11e4-86e3-6c3be5ba6ec8,CERRO TIJERETAS,"5bbcbfc3-c328-42c5-a82f-4360f462d4f3",fe8c554a-f0a7-42c2-be50-ab53cc202931,BUCEO NOCTURNO,fe8c554a-f0a7-42c2-be50-ab53cc202931,BN,4
fc6904db-f594-4955-9e7c-a409c06e8bd3,ISLOTE ALBANY,"147fbfb0-5e85-4124-81b2-427ba6250b9b",ef0b6210-2ad4-4691-b2ab-fb9ad873d39f,BUCEO SCUBA,ef0b6210-2ad4-4691-b2ab-fb9ad873d39f,SC,
"06d45c12-6507-4358-ac07-7e09219eeccd",PUNTA CAROLA,"40b19aa4-13df-4132-8054-5929f53029d8","931a24f3-05e2-45e2-b61e-34a358b440c5",SNORKEL,"931a24f3-05e2-45e2-b61e-34a358b440c5",SN,
aa699e66-a13b-4c20-8dc7-8acd76038393,VOLCÁN ALCEDO,"3981a7c9-e9e3-4a7b-af9f-c8f8f0cf6e5c","9b9b69d6-1de1-4862-a7f1-c6d6d34d21c1",CAMINATA,"9b9b69d6-1de1-4862-a7f1-c6d6d34d21c1",CA,
f6bd998d-8ce2-4496-8623-09e53b208303,SOMBRERO CHINO,"89e17e29-eb16-478a-a429-5b4b5f1ba388","57986a17-f816-41f2-bf46-6e64f281757a",PANGA RIDE,"57986a17-f816-41f2-bf46-6e64f281757a",PR,
f4366124-a8e3-11e4-ba11-6c3be5ba6ec8,LA BOTELLA,"7c7af9c7-2e59-4fc8-8cca-a7343dcacdef","931a24f3-05e2-45e2-b61e-34a358b440c5",SNORKEL,"931a24f3-05e2-45e2-b61e-34a358b440c5",SN,0
f6bd998d-8ce2-4496-8623-09e53b208303,SOMBRERO CHINO,"802a7edc-ab4c-4562-9461-c2daf0d6869e","9b9b69d6-1de1-4862-a7f1-c6d6d34d21c1",CAMINATA,"9b9b69d6-1de1-4862-a7f1-c6d6d34d21c1",CA,
"269ecd94-067e-48cc-a709-eece3bf297ed",CALETA BUCANERO,fd04e221-fdb1-4ccc-9e1a-9c34644b3cb2,"0c537320-7f00-0010-3efb-00005520442a",TABLA REMO,"0c537320-7f00-0010-3efb-00005520442a",TR,0
f4374328-a8e3-11e4-87ac-6c3be5ba6ec8,MIRADOR DE LA BARONESA,"663c3c82-86aa-4a59-ac87-2935b42db92e","0c537320-7f00-0010-3efb-00005520442a",TABLA REMO,"0c537320-7f00-0010-3efb-00005520442a",TR,0
"06d45c12-6507-4358-ac07-7e09219eeccd",PUNTA CAROLA,"0fee3c60-15e4-48ef-a8db-25e099b22c81","621279b0-9e1e-460d-922b-1e485f0a2955",SURF,"621279b0-9e1e-460d-922b-1e485f0a2955",SF,0
fc6904db-f594-4955-9e7c-a409c06e8bd3,ISLOTE ALBANY,a6d77334-7592-4ca8-bf3b-bbdddd403c63,"931a24f3-05e2-45e2-b61e-34a358b440c5",SNORKEL,"931a24f3-05e2-45e2-b61e-34a358b440c5",SN,
f4366124-a8e3-11e4-ba11-6c3be5ba6ec8,LA BOTELLA,"3e07ca66-42c0-4b47-8dd5-8c3586c39896","57986a17-f816-41f2-bf46-6e64f281757a",PANGA RIDE,"57986a17-f816-41f2-bf46-6e64f281757a",PR,0
fc6904db-f594-4955-9e7c-a409c06e8bd3,ISLOTE ALBANY,"7b634cfa-4f1a-44f4-816c-c548c4045a41","57986a17-f816-41f2-bf46-6e64f281757a",PANGA RIDE,"57986a17-f816-41f2-bf46-6e64f281757a",PR,
be301b4f-6256-4c3a-ad8b-12171c50c20d,ROCA COUSIN,cfb0afbd-c021-4fab-be55-770a73c6a152,ef0b6210-2ad4-4691-b2ab-fb9ad873d39f,BUCEO SCUBA,ef0b6210-2ad4-4691-b2ab-fb9ad873d39f,SC,
cbb52b73-9a69-4345-a648-f5e4d7da16b5,ROCAS BAINBRIDGE,"65be8720-af81-4da2-a75c-7af1337a0fac","57986a17-f816-41f2-bf46-6e64f281757a",PANGA RIDE,"57986a17-f816-41f2-bf46-6e64f281757a",PR,
dc6f658e-ff6e-41c0-b799-1e44e59dbba0,ROCAS GORDON,"74adb20a-0075-4086-8aa0-1d4020ab01f0","57986a17-f816-41f2-bf46-6e64f281757a",PANGA RIDE,"57986a17-f816-41f2-bf46-6e64f281757a",PR,
e17b31dd-e8ed-498f-976c-90bca228099d,PUNTA MEJÍA,d59ae459-caa5-48e0-8b90-c16f4ab9b649,ef0b6210-2ad4-4691-b2ab-fb9ad873d39f,BUCEO SCUBA,ef0b6210-2ad4-4691-b2ab-fb9ad873d39f,SC,
e17b31dd-e8ed-498f-976c-90bca228099d,PUNTA MEJÍA,ff0a6b3c-e535-4afe-bcf4-9fcbc12796f2,"57986a17-f816-41f2-bf46-6e64f281757a",PANGA RIDE,"57986a17-f816-41f2-bf46-6e64f281757a",PR,
be301b4f-6256-4c3a-ad8b-12171c50c20d,ROCA COUSIN,e76587c1-1423-4bc4-8b2d-761c98ffd98f,"57986a17-f816-41f2-bf46-6e64f281757a",PANGA RIDE,"57986a17-f816-41f2-bf46-6e64f281757a",PR,
f6bd998d-8ce2-4496-8623-09e53b208303,SOMBRERO CHINO,d8a5280d-ac67-4c5f-87e0-385af010a312,ff75bbd1-c4a1-4c21-9dba-ff444b7dba84,KAYAK,ff75bbd1-c4a1-4c21-9dba-ff444b7dba84,KY,
eba808dc-15f3-11e5-860a-6c3be5ba6ec8,LOBERÍA CHICA,"394333a9-ac5e-43a8-80a5-05c9411a486d",bf289c8a-b410-4af1-89d4-fe657fbc7d2e,BUCEO DE INSTRUCCIÓN,bf289c8a-b410-4af1-89d4-fe657fbc7d2e,BI,0
"5ad6399d-4899-48f8-bce5-48b6dc48f205",CABO HAMMOND,"940e770f-d550-497f-be08-c0b3dc0ab2c5",ef0b6210-2ad4-4691-b2ab-fb9ad873d39f,BUCEO SCUBA,ef0b6210-2ad4-4691-b2ab-fb9ad873d39f,SC,
f433c0d6-a8e3-11e4-ba2f-6c3be5ba6ec8,MIRADOR DE LOS TÚNELES,"4973cbd8-34e6-4b2d-84f9-11eb51600ca3","9b9b69d6-1de1-4862-a7f1-c6d6d34d21c1",CAMINATA,"9b9b69d6-1de1-4862-a7f1-c6d6d34d21c1",CA,
"2f8163b8-03f8-4704-954e-f85f5bf21fba",CORONA DEL DIABLO,"7f02495b-a74b-40bc-b2b4-e6cd95d1ac35","57986a17-f816-41f2-bf46-6e64f281757a",PANGA RIDE,"57986a17-f816-41f2-bf46-6e64f281757a",PR,0
f4398322-a8e3-11e4-a376-6c3be5ba6ec8,PUNTA PITT,"798c8949-7c43-495d-ae09-51d66775edb1","57986a17-f816-41f2-bf46-6e64f281757a",PANGA RIDE,"57986a17-f816-41f2-bf46-6e64f281757a",PR,
f4368992-a8e3-11e4-bc77-6c3be5ba6ec8,LA FE,"9c2737eb-4a37-435f-b7e9-b5ea38da55cf","57986a17-f816-41f2-bf46-6e64f281757a",PANGA RIDE,"57986a17-f816-41f2-bf46-6e64f281757a",PR,10
f4326696-a8e3-11e4-86f9-6c3be5ba6ec8,CALETA TAGUS,"0813fa7c-322b-426d-a2a7-03ad03961756","9b9b69d6-1de1-4862-a7f1-c6d6d34d21c1",CAMINATA,"9b9b69d6-1de1-4862-a7f1-c6d6d34d21c1",CA,
f4394efc-a8e3-11e4-be0c-6c3be5ba6ec8,PUNTA CARRIÓN,"6d30e0f2-947f-44d9-9e70-97d003fc2e23","931a24f3-05e2-45e2-b61e-34a358b440c5",SNORKEL,"931a24f3-05e2-45e2-b61e-34a358b440c5",SN,
e4db98ac-99ea-4ea5-b167-281bf1d85f28,LA BANANA,c1bfb3f7-6302-4ddd-8680-44e1bb3369e4,"57986a17-f816-41f2-bf46-6e64f281757a",PANGA RIDE,"57986a17-f816-41f2-bf46-6e64f281757a",PR,4
"06d45c12-6507-4358-ac07-7e09219eeccd",PUNTA CAROLA,a8bd63a9-5be1-4b5a-8d7d-b5c5eeb04c9c,"9b9b69d6-1de1-4862-a7f1-c6d6d34d21c1",CAMINATA,"9b9b69d6-1de1-4862-a7f1-c6d6d34d21c1",CA,
eb03c685-ceaf-4510-af55-091f7bcb3a53,LA ENCAÑADA,b12baf7c-f035-4c13-8e9d-c04b2fc6b7d8,ef0b6210-2ad4-4691-b2ab-fb9ad873d39f,BUCEO SCUBA,ef0b6210-2ad4-4691-b2ab-fb9ad873d39f,SC,0
"5260650a-cc63-4ba3-b802-1ff634b67859",ASILO DE LA PAZ,"99d0d1bd-3a83-4cc6-96f7-6b15ad2d7611","9b9b69d6-1de1-4862-a7f1-c6d6d34d21c1",CAMINATA,"9b9b69d6-1de1-4862-a7f1-c6d6d34d21c1",CA,
f43225e6-a8e3-11e4-8569-6c3be5ba6ec8,CALERA,"758c37af-aae1-4e25-a91d-ed97db806d98","9b9b69d6-1de1-4862-a7f1-c6d6d34d21c1",CAMINATA,"9b9b69d6-1de1-4862-a7f1-c6d6d34d21c1",CA,0
f4368992-a8e3-11e4-bc77-6c3be5ba6ec8,LA FE,aeb7ab86-4a3d-4e51-8652-19a4ff7203ed,"9b9b69d6-1de1-4862-a7f1-c6d6d34d21c1",CAMINATA,"9b9b69d6-1de1-4862-a7f1-c6d6d34d21c1",CA,10
f712ca8c-19c2-4c0c-989d-cb75a6a85ecd,PLAZA NORTE,"0fe417a3-cac4-4ec9-a9d1-8810f67edf8b",ef0b6210-2ad4-4691-b2ab-fb9ad873d39f,BUCEO SCUBA,ef0b6210-2ad4-4691-b2ab-fb9ad873d39f,SC,
f712ca8c-19c2-4c0c-989d-cb75a6a85ecd,PLAZA NORTE,c1f2cd45-9ea3-4ced-bdb9-89ad559deb4a,"931a24f3-05e2-45e2-b61e-34a358b440c5",SNORKEL,"931a24f3-05e2-45e2-b61e-34a358b440c5",SN,
f4379daa-a8e3-11e4-b836-6c3be5ba6ec8,PLAYA DE LA ESTACIÓN CHARLES DARWIN,"76cf74dd-1dd8-4550-8f9d-a6e2b9ea3ece","931a24f3-05e2-45e2-b61e-34a358b440c5",SNORKEL,"931a24f3-05e2-45e2-b61e-34a358b440c5",SN,
f4379daa-a8e3-11e4-b836-6c3be5ba6ec8,PLAYA DE LA ESTACIÓN CHARLES DARWIN,"27a93564-7469-4aa2-a298-267fdccdb78c","9b9b69d6-1de1-4862-a7f1-c6d6d34d21c1",CAMINATA,"9b9b69d6-1de1-4862-a7f1-c6d6d34d21c1",CA,
eb03c685-ceaf-4510-af55-091f7bcb3a53,LA ENCAÑADA,"17f6e9a9-8b33-4fb7-93fb-6dee648b2433","931a24f3-05e2-45e2-b61e-34a358b440c5",SNORKEL,"931a24f3-05e2-45e2-b61e-34a358b440c5",SN,0
dd5c9496-901f-4877-84ad-4b75c4d6c63b,OUTER REEF,"0038ab91-4b49-4e5b-a399-ccbfd1b892f9","621279b0-9e1e-460d-922b-1e485f0a2955",SURF,"621279b0-9e1e-460d-922b-1e485f0a2955",SF,0
b8f62bbd-761e-484f-8b4e-6531d74a2e8a,ANCHOR BAY,c8696663-728a-43da-9c62-5134a5a2202f,ef0b6210-2ad4-4691-b2ab-fb9ad873d39f,BUCEO SCUBA,ef0b6210-2ad4-4691-b2ab-fb9ad873d39f,SC,6
b8f62bbd-761e-484f-8b4e-6531d74a2e8a,ANCHOR BAY,"0071ec2f-4f46-428b-a805-3a06c1bb1c45","57986a17-f816-41f2-bf46-6e64f281757a",PANGA RIDE,"57986a17-f816-41f2-bf46-6e64f281757a",PR,6
f4338134-a8e3-11e4-b9b2-6c3be5ba6ec8,EL BARRANCO ,"638aacd8-c379-415e-8e6f-d7826b47ea04",ff75bbd1-c4a1-4c21-9dba-ff444b7dba84,KAYAK,ff75bbd1-c4a1-4c21-9dba-ff444b7dba84,KY,
f6bd998d-8ce2-4496-8623-09e53b208303,SOMBRERO CHINO,"67a86414-be0c-4a5c-a64a-1da1fa471e26","931a24f3-05e2-45e2-b61e-34a358b440c5",SNORKEL,"931a24f3-05e2-45e2-b61e-34a358b440c5",SN,
e6b62138-8870-4efe-be60-0dfa4351a8ee,CARAGUA,"58c42013-04d3-4f5b-9ba4-bbf85b747fc2",bf289c8a-b410-4af1-89d4-fe657fbc7d2e,BUCEO DE INSTRUCCIÓN,bf289c8a-b410-4af1-89d4-fe657fbc7d2e,BI,0
c88768dc-bb59-4453-93b5-85c25aa8b10e,CERRO GALLINA,"2205db0d-8764-4a65-ae9a-3575bfc06031","621279b0-9e1e-460d-922b-1e485f0a2955",SURF,"621279b0-9e1e-460d-922b-1e485f0a2955",SF,10
f4336fe6-a8e3-11e4-a1cb-6c3be5ba6ec8,EL ARCO,e1f904e4-5353-442f-b9f3-81583639e938,"57986a17-f816-41f2-bf46-6e64f281757a",PANGA RIDE,"57986a17-f816-41f2-bf46-6e64f281757a",PR,0
f4398322-a8e3-11e4-a376-6c3be5ba6ec8,PUNTA PITT,f5af2d82-7b5d-4741-aa90-702dedb43319,"931a24f3-05e2-45e2-b61e-34a358b440c5",SNORKEL,"931a24f3-05e2-45e2-b61e-34a358b440c5",SN,
"0990a752-7f00-0010-3efb-0000ca7b5ad6",RUTA TORTUGA BAY,e528673c-329c-419d-ac2b-6ca08459e415,ff75bbd1-c4a1-4c21-9dba-ff444b7dba84,KAYAK,ff75bbd1-c4a1-4c21-9dba-ff444b7dba84,KY,0
f4338134-a8e3-11e4-b9b2-6c3be5ba6ec8,EL BARRANCO ,a626c530-0b8b-41a2-ada7-79f64e14d617,"0c537320-7f00-0010-3efb-00005520442a",TABLA REMO,"0c537320-7f00-0010-3efb-00005520442a",TR,0
"91980c39-c131-4b41-8b9a-302ad8654134",EL CAÑÓN,"5baafad5-88d5-4566-80bd-a80b8943df71","621279b0-9e1e-460d-922b-1e485f0a2955",SURF,"621279b0-9e1e-460d-922b-1e485f0a2955",SF,0
f4339e58-a8e3-11e4-b466-6c3be5ba6ec8,EL DERRUMBE,c6262247-ff8a-4fed-b116-5cdeeb470eac,"57986a17-f816-41f2-bf46-6e64f281757a",PANGA RIDE,"57986a17-f816-41f2-bf46-6e64f281757a",PR,6
f6bd998d-8ce2-4496-8623-09e53b208303,SOMBRERO CHINO,cb8bc697-76c6-4e7c-af70-c050209e3c0e,"0c537320-7f00-0010-3efb-00005520442a",TABLA REMO,"0c537320-7f00-0010-3efb-00005520442a",TR,0
"09d3047b-fdac-4976-a675-58127cbb9f40",LA MISIONERA,"4156eb31-5969-4b30-9e7b-59b2b7c485b2","9b9b69d6-1de1-4862-a7f1-c6d6d34d21c1",CAMINATA,"9b9b69d6-1de1-4862-a7f1-c6d6d34d21c1",CA,0
f4383c9c-a8e3-11e4-947a-6c3be5ba6ec8,PUNTA CORMORANT ,"5b3ea321-570d-432f-9e2e-aea32ebf2faf",ef0b6210-2ad4-4691-b2ab-fb9ad873d39f,BUCEO SCUBA,ef0b6210-2ad4-4691-b2ab-fb9ad873d39f,SC,8
"0ecc9673-7f00-0010-89c3-00009792fc87",PLAYA EDEN,"5af75305-6747-4364-8558-97a225acc585","9b9b69d6-1de1-4862-a7f1-c6d6d34d21c1",CAMINATA,"9b9b69d6-1de1-4862-a7f1-c6d6d34d21c1",CA,6
f4341176-a8e3-11e4-8952-6c3be5ba6ec8,GARRAPATERO,"445df893-1095-49ef-806a-7a927ec1608e",ff75bbd1-c4a1-4c21-9dba-ff444b7dba84,KAYAK,ff75bbd1-c4a1-4c21-9dba-ff444b7dba84,KY,0
"8ce351bd-300c-4ce8-8b70-cfa266dbbd5f",SEYMOUR NORTE,f72ed34b-0848-465f-b270-bbf5fcbf2e32,"931a24f3-05e2-45e2-b61e-34a358b440c5",SNORKEL,"931a24f3-05e2-45e2-b61e-34a358b440c5",SN,
"8ce351bd-300c-4ce8-8b70-cfa266dbbd5f",SEYMOUR NORTE,be94a37b-9181-484b-a5cc-865bcc6ab8cc,"57986a17-f816-41f2-bf46-6e64f281757a",PANGA RIDE,"57986a17-f816-41f2-bf46-6e64f281757a",PR,
f43859a2-a8e3-11e4-be4d-6c3be5ba6ec8,PUNTA ESPEJO,"22e42c88-2bb7-45f9-a3ef-a810c2699411","931a24f3-05e2-45e2-b61e-34a358b440c5",SNORKEL,"931a24f3-05e2-45e2-b61e-34a358b440c5",SN,0
"5c831bf6-14ae-11e5-850a-6c3be5ba6ec8",BAHÍA CARTAGO GRANDE,e2c7fe71-c863-40a6-a862-3c117d9322c8,"9b9b69d6-1de1-4862-a7f1-c6d6d34d21c1",CAMINATA,"9b9b69d6-1de1-4862-a7f1-c6d6d34d21c1",CA,0
"37569234-2d79-4478-9c0c-125f7c88cfdb",LAGUNA DE LAS NINFAS,"850081c9-6109-4a94-ba35-0c05cfc3b090","9b9b69d6-1de1-4862-a7f1-c6d6d34d21c1",CAMINATA,"9b9b69d6-1de1-4862-a7f1-c6d6d34d21c1",CA,0
"16357c10-3093-11e5-afe0-6c3be5ba6ec8",PUNTA MANGLE,d256ba0c-45a9-4a5b-b262-5e725f608f2d,ef0b6210-2ad4-4691-b2ab-fb9ad873d39f,BUCEO SCUBA,ef0b6210-2ad4-4691-b2ab-fb9ad873d39f,SC,0
e7d1d3f6-9578-41a7-8176-fb837d587cf9,RÁBIDA,"61b85b47-5b7f-44c3-8472-643e8ce63e63","931a24f3-05e2-45e2-b61e-34a358b440c5",SNORKEL,"931a24f3-05e2-45e2-b61e-34a358b440c5",SN,
e7d1d3f6-9578-41a7-8176-fb837d587cf9,RÁBIDA,"3d072ccb-9cd8-48fe-9cc0-65c7e1e5e3c4","57986a17-f816-41f2-bf46-6e64f281757a",PANGA RIDE,"57986a17-f816-41f2-bf46-6e64f281757a",PR,
"2cc91f09-5e7a-4689-ba29-173bad865ee6",ISLOTE DUMB,"6f501138-fd0e-46d9-a4fd-fdb26b21b5da","931a24f3-05e2-45e2-b61e-34a358b440c5",SNORKEL,"931a24f3-05e2-45e2-b61e-34a358b440c5",SN,
a6052e41-ef39-4648-a5f0-cbfbcf28d260,BAHÍA DARWIN,"1c275390-63a9-4fe8-818a-63b3c1459049","0c537320-7f00-0010-3efb-00005520442a",TABLA REMO,"0c537320-7f00-0010-3efb-00005520442a",TR,0
"097c400b-7f00-0010-3efb-0000eb259380",RUTA MANGLECITO,ce7a65dd-8569-4810-9e5b-2428c13c9331,ff75bbd1-c4a1-4c21-9dba-ff444b7dba84,KAYAK,ff75bbd1-c4a1-4c21-9dba-ff444b7dba84,KY,0
f4398322-a8e3-11e4-a376-6c3be5ba6ec8,PUNTA PITT,"9866f2e1-f329-430c-bf40-bb1b4734ee60","9b9b69d6-1de1-4862-a7f1-c6d6d34d21c1",CAMINATA,"9b9b69d6-1de1-4862-a7f1-c6d6d34d21c1",CA,0
"3c4df120-14af-11e5-850a-6c3be5ba6ec8",RUTA EL EMBARCADERO,"277f3b57-9cfd-4cb6-9a8d-d5a7de3e1aba",ff75bbd1-c4a1-4c21-9dba-ff444b7dba84,KAYAK,ff75bbd1-c4a1-4c21-9dba-ff444b7dba84,KY,
"4cb3ffc4-f923-4b4f-84fe-b7a95dd52a8a",LOBERÍA GRANDE II,"2e2b1d6d-92db-4210-b4b5-dd0a267108ca",bf289c8a-b410-4af1-89d4-fe657fbc7d2e,BUCEO DE INSTRUCCIÓN,bf289c8a-b410-4af1-89d4-fe657fbc7d2e,BI,0
f438881e-a8e3-11e4-8749-6c3be5ba6ec8,LUZ DEL DIA,f2a8bc56-c052-4cee-8db0-ef7c8dc295e9,"931a24f3-05e2-45e2-b61e-34a358b440c5",SNORKEL,"931a24f3-05e2-45e2-b61e-34a358b440c5",SN,0
a4932cf3-0f87-4f59-8d5a-8fd2925d0c4b,EL BARRANCO - ISLA SANTA CRUZ,"8ff6b33b-0f84-4953-b309-805f77d4676e",bf289c8a-b410-4af1-89d4-fe657fbc7d2e,BUCEO DE INSTRUCCIÓN,bf289c8a-b410-4af1-89d4-fe657fbc7d2e,BI,2
f4339e58-a8e3-11e4-b466-6c3be5ba6ec8,EL DERRUMBE,"01648471-12cc-4a31-8b1a-65538c953d33",fe8c554a-f0a7-42c2-be50-ab53cc202931,BUCEO NOCTURNO,fe8c554a-f0a7-42c2-be50-ab53cc202931,BN,6
f4341176-a8e3-11e4-8952-6c3be5ba6ec8,GARRAPATERO,"875c17b4-cb48-41af-bec5-e97c4df6123b","0c537320-7f00-0010-3efb-00005520442a",TABLA REMO,"0c537320-7f00-0010-3efb-00005520442a",TR,0
"6de11aec-160c-11e5-80ee-6c3be5ba6ec8",LA TORTUGA,d3d5d9a2-3e16-4be9-8cd6-38ecd515e33f,"9b9b69d6-1de1-4862-a7f1-c6d6d34d21c1",CAMINATA,"9b9b69d6-1de1-4862-a7f1-c6d6d34d21c1",CA,0
"0990a752-7f00-0010-3efb-0000ca7b5ad6",RUTA TORTUGA BAY,"56e67dd2-c1d7-4b9c-b437-043d5fb228f3","0c537320-7f00-0010-3efb-00005520442a",TABLA REMO,"0c537320-7f00-0010-3efb-00005520442a",TR,0
"017e89a8-7f00-0010-5895-0000bbbbaa04",PISCINA NATURAL,e8b76034-d316-4b2a-a11b-e82864a5a89d,eac9ef79-f37e-4f4a-ad0f-8b10010f1069,CHECK DIVE,eac9ef79-f37e-4f4a-ad0f-8b10010f1069,CD,4
"09d3047b-fdac-4976-a675-58127cbb9f40",LA MISIONERA,"013d1173-d3c0-4982-9461-19b58fe4133b","621279b0-9e1e-460d-922b-1e485f0a2955",SURF,"621279b0-9e1e-460d-922b-1e485f0a2955",SF,0
"8ce351bd-300c-4ce8-8b70-cfa266dbbd5f",SEYMOUR NORTE,b28c9f99-85ad-4ce9-baf1-2ebcf299bdb2,"9b9b69d6-1de1-4862-a7f1-c6d6d34d21c1",CAMINATA,"9b9b69d6-1de1-4862-a7f1-c6d6d34d21c1",CA,
"097c400b-7f00-0010-3efb-0000eb259380",RUTA MANGLECITO,c7b748b7-1849-4d43-81ca-2a59602f6ecf,"0c537320-7f00-0010-3efb-00005520442a",TABLA REMO,"0c537320-7f00-0010-3efb-00005520442a",TR,0
f438881e-a8e3-11e4-8749-6c3be5ba6ec8,LUZ DEL DIA,d988d965-a93d-4721-b094-a6387015ebe0,"0c537320-7f00-0010-3efb-00005520442a",TABLA REMO,"0c537320-7f00-0010-3efb-00005520442a",TR,0
e7d1d3f6-9578-41a7-8176-fb837d587cf9,RÁBIDA,ef485083-b269-4013-bd45-61a8efb37fbf,ff75bbd1-c4a1-4c21-9dba-ff444b7dba84,KAYAK,ff75bbd1-c4a1-4c21-9dba-ff444b7dba84,KY,
f43323ce-a8e3-11e4-86e3-6c3be5ba6ec8,CERRO TIJERETAS,"19cbc027-ff1f-4088-a80d-e3dc91face46",ef0b6210-2ad4-4691-b2ab-fb9ad873d39f,BUCEO SCUBA,ef0b6210-2ad4-4691-b2ab-fb9ad873d39f,SC,4
"097fb91e-7f00-0010-3efb-0000bdc8bc47",RUTA PLAYA OCHOA,"64418bd8-e4ad-4000-acca-b38839e025a7",ff75bbd1-c4a1-4c21-9dba-ff444b7dba84,KAYAK,ff75bbd1-c4a1-4c21-9dba-ff444b7dba84,KY,0
"0695bf21-7f00-0010-a1d9-0000d0f4f6ab",PLAYA NORTE CERRO BRUJO,e02c3224-8627-4a87-8bf5-78403654d0ae,"9b9b69d6-1de1-4862-a7f1-c6d6d34d21c1",CAMINATA,"9b9b69d6-1de1-4862-a7f1-c6d6d34d21c1",CA,0
"9a95afef-e3b4-4e7f-969e-b08651d5d89c",BALTRA NE,"5803b25f-fb48-4afd-bb01-a54cda71eca1","57986a17-f816-41f2-bf46-6e64f281757a",PANGA RIDE,"57986a17-f816-41f2-bf46-6e64f281757a",PR,0
"324b60a4-47b4-48fa-8135-371578784f8e",CASA DE LA BARONESA,c8fdfbd1-92cc-4fcc-b193-5e786e6108f9,"9b9b69d6-1de1-4862-a7f1-c6d6d34d21c1",CAMINATA,"9b9b69d6-1de1-4862-a7f1-c6d6d34d21c1",CA,0
"3af66e4c-c7de-4b06-8c75-12ee315c86a2",PARED TIJERETAS,"907d1427-5a81-4635-818f-48f1367a21d5",bf289c8a-b410-4af1-89d4-fe657fbc7d2e,BUCEO DE INSTRUCCIÓN,bf289c8a-b410-4af1-89d4-fe657fbc7d2e,BI,0
f4333c06-a8e3-11e4-b9ac-6c3be5ba6ec8,CONCHA DE PERLA,ec720b30-ad97-4b63-a747-5d7ea9e1f2c5,bf289c8a-b410-4af1-89d4-fe657fbc7d2e,BUCEO DE INSTRUCCIÓN,bf289c8a-b410-4af1-89d4-fe657fbc7d2e,BI,0
c12673ce-d9c6-4871-b092-af1d519f2227,EL CONDENSO,"89c89825-fc9a-4c21-968c-05aeecbe9f18","621279b0-9e1e-460d-922b-1e485f0a2955",SURF,"621279b0-9e1e-460d-922b-1e485f0a2955",SF,0
f436d53c-a8e3-11e4-bb7b-6c3be5ba6ec8,LAS PALMITAS,"248fa304-b4ed-4c97-858a-852dc688cb7d","931a24f3-05e2-45e2-b61e-34a358b440c5",SNORKEL,"931a24f3-05e2-45e2-b61e-34a358b440c5",SN,0
"45b6aa3a-cdfe-4fdd-874a-1221fe68d180",ISLOTE OSBORN,"437afa63-43ab-4953-8b6a-0dd715068807","931a24f3-05e2-45e2-b61e-34a358b440c5",SNORKEL,"931a24f3-05e2-45e2-b61e-34a358b440c5",SN,2
f8d57b6c-3d11-451d-b237-ad26f21b22ed,BAHÍA ELIZABETH,"7ffd8570-ae85-4b7b-9160-5058896696b6",ff75bbd1-c4a1-4c21-9dba-ff444b7dba84,KAYAK,ff75bbd1-c4a1-4c21-9dba-ff444b7dba84,KY,0
f8d57b6c-3d11-451d-b237-ad26f21b22ed,BAHÍA ELIZABETH,bc2c72c8-fb32-40bd-a4ba-b43114ac421d,"0c537320-7f00-0010-3efb-00005520442a",TABLA REMO,"0c537320-7f00-0010-3efb-00005520442a",TR,0
f4326696-a8e3-11e4-86f9-6c3be5ba6ec8,CALETA TAGUS,"7e6298d1-2f9e-4f42-bfc5-d744a30a8548","931a24f3-05e2-45e2-b61e-34a358b440c5",SNORKEL,"931a24f3-05e2-45e2-b61e-34a358b440c5",SN,
eee84d70-a675-4228-8ffd-5d87fc8caace,LOLO SURF,"87866bcc-ed63-4c65-a80d-8d7e63cadca9","621279b0-9e1e-460d-922b-1e485f0a2955",SURF,"621279b0-9e1e-460d-922b-1e485f0a2955",SF,0
f4392c10-a8e3-11e4-b954-6c3be5ba6ec8,PUERTO GRANDE,e3c41bb2-a81a-48de-b704-7f11b3c8388f,"931a24f3-05e2-45e2-b61e-34a358b440c5",SNORKEL,"931a24f3-05e2-45e2-b61e-34a358b440c5",SN,
"214e1f2c-743a-4e6f-9383-5706dd0cfd30",CERRO BRUJO,"0d2bd910-b440-4e17-b984-3e83e5d119cb","931a24f3-05e2-45e2-b61e-34a358b440c5",SNORKEL,"931a24f3-05e2-45e2-b61e-34a358b440c5",SN,
f4368f50-a8e3-11e4-8d8a-6c3be5ba6ec8,LA LOBERÍA,d6b3c8fa-1911-4e21-b706-dd25c581490d,"931a24f3-05e2-45e2-b61e-34a358b440c5",SNORKEL,"931a24f3-05e2-45e2-b61e-34a358b440c5",SN,
dbfc417c-1a3f-43fb-9358-5261a5ac3872,ARENERO DE EL FARO,"02de6be4-e8b9-4335-b627-75d4785d475d",bf289c8a-b410-4af1-89d4-fe657fbc7d2e,BUCEO DE INSTRUCCIÓN,bf289c8a-b410-4af1-89d4-fe657fbc7d2e,BI,1
"9d235d78-14ef-4804-82f9-03c511bc113a",PUNTA PUCUNA,cc262f68-cb86-4e73-a30f-d35fd2bb7565,"931a24f3-05e2-45e2-b61e-34a358b440c5",SNORKEL,"931a24f3-05e2-45e2-b61e-34a358b440c5",SN,0
"38aa7673-863f-496d-b450-a13bfb55b00e",TINTORERAS,c4142e52-8813-4675-89bf-55ec3d231e64,"931a24f3-05e2-45e2-b61e-34a358b440c5",SNORKEL,"931a24f3-05e2-45e2-b61e-34a358b440c5",SN,
"38aa7673-863f-496d-b450-a13bfb55b00e",TINTORERAS,a2f55d13-2caf-45b4-922b-d101b3928878,"57986a17-f816-41f2-bf46-6e64f281757a",PANGA RIDE,"57986a17-f816-41f2-bf46-6e64f281757a",PR,
"33d0d675-328d-4f00-a266-64879f2a4742",PUNTA ALBERMARLE,"0627ab3e-99df-4b6d-b554-990e4b1fdc4f","0c537320-7f00-0010-3efb-00005520442a",TABLA REMO,"0c537320-7f00-0010-3efb-00005520442a",TR,0
"27a9b38c-6e72-448d-a3fe-fa5e36736a89",PUNTA CARRIÓN EXTERIOR,"15fc1acc-786e-4604-b2ab-09ebc83790ea",ef0b6210-2ad4-4691-b2ab-fb9ad873d39f,BUCEO SCUBA,ef0b6210-2ad4-4691-b2ab-fb9ad873d39f,SC,
"097fb91e-7f00-0010-3efb-0000bdc8bc47",RUTA PLAYA OCHOA,"4f740337-c1ba-4c7c-9a63-9fde7fb46e23","0c537320-7f00-0010-3efb-00005520442a",TABLA REMO,"0c537320-7f00-0010-3efb-00005520442a",TR,0
"09927eda-7f00-0010-3efb-00001ba27734",RUTA PLAYA EL GARRAPATERO,"8a5a53b2-e65a-461f-b365-0dd8bdd86e15","02563adc-7f00-0010-1180-00009a892925",CAMPAMENTO,"02563adc-7f00-0010-1180-00009a892925",CP,1
"09927eda-7f00-0010-3efb-00001ba27734",RUTA PLAYA EL GARRAPATERO,"40fc841d-27f7-4d5d-b363-e3447b6039c2","931a24f3-05e2-45e2-b61e-34a358b440c5",SNORKEL,"931a24f3-05e2-45e2-b61e-34a358b440c5",SN,0
f439208a-a8e3-11e4-abbc-6c3be5ba6ec8,PUERTO CHINO,e29deeca-92da-4ef5-b6e6-faf2ffdc802b,"02563adc-7f00-0010-1180-00009a892925",CAMPAMENTO,"02563adc-7f00-0010-1180-00009a892925",CP,
"0ed8c0ef-7f00-0010-89c3-00008a01a90a",MOSQUERA NORTE,"05aaf1a7-635f-4107-8d10-2661b4f1e049",ef0b6210-2ad4-4691-b2ab-fb9ad873d39f,BUCEO SCUBA,ef0b6210-2ad4-4691-b2ab-fb9ad873d39f,SC,0
b84329fe-3097-11e5-afe0-6c3be5ba6ec8,PLAYA ESCONDIDA,"7a0f3343-569f-4d9d-9874-e40529750022","931a24f3-05e2-45e2-b61e-34a358b440c5",SNORKEL,"931a24f3-05e2-45e2-b61e-34a358b440c5",SN,0
"9d235d78-14ef-4804-82f9-03c511bc113a",PUNTA PUCUNA,"23487516-b110-4da5-a19f-97dafaefc4f9","9b9b69d6-1de1-4862-a7f1-c6d6d34d21c1",CAMINATA,"9b9b69d6-1de1-4862-a7f1-c6d6d34d21c1",CA,0
be301b4f-6256-4c3a-ad8b-12171c50c20d,ROCA COUSIN,"234d1e51-bf1f-481d-9eee-f15ffcba9092","931a24f3-05e2-45e2-b61e-34a358b440c5",SNORKEL,"931a24f3-05e2-45e2-b61e-34a358b440c5",SN,
f4368f50-a8e3-11e4-8d8a-6c3be5ba6ec8,LA LOBERÍA,"69a7271a-6e3a-4e94-9581-eac21a0fe12a","9b9b69d6-1de1-4862-a7f1-c6d6d34d21c1",CAMINATA,"9b9b69d6-1de1-4862-a7f1-c6d6d34d21c1",CA,
"5f0d5004-fa42-4945-9de1-356c18fd673c",SANTA FE/FONDEADERO,"916b7b55-c003-4b85-adec-f1b314c3eb56","57986a17-f816-41f2-bf46-6e64f281757a",PANGA RIDE,"57986a17-f816-41f2-bf46-6e64f281757a",PR,0
f4392c10-a8e3-11e4-b954-6c3be5ba6ec8,PUERTO GRANDE,dbf69e6f-8f85-49c0-ad18-fac658ae7564,"0c537320-7f00-0010-3efb-00005520442a",TABLA REMO,"0c537320-7f00-0010-3efb-00005520442a",TR,0
"5f0d5004-fa42-4945-9de1-356c18fd673c",SANTA FE/FONDEADERO,"15b87ec1-7a2a-4d13-a472-f6b85875d446","9b9b69d6-1de1-4862-a7f1-c6d6d34d21c1",CAMINATA,"9b9b69d6-1de1-4862-a7f1-c6d6d34d21c1",CA,5
"5033570c-b18f-46f5-896d-7d16f8ae8439",BAJO BAZÁN,"3fb069ae-fe81-4af1-855d-817330101660","621279b0-9e1e-460d-922b-1e485f0a2955",SURF,"621279b0-9e1e-460d-922b-1e485f0a2955",SF,5
f439208a-a8e3-11e4-abbc-6c3be5ba6ec8,PUERTO CHINO,c66bdcda-e683-43e8-8cf4-fca2b8098d19,ff75bbd1-c4a1-4c21-9dba-ff444b7dba84,KAYAK,ff75bbd1-c4a1-4c21-9dba-ff444b7dba84,KY,0
"5f0d5004-fa42-4945-9de1-356c18fd673c",SANTA FE/FONDEADERO,"730beb21-162c-4327-ac69-7f590af9fc20",ff75bbd1-c4a1-4c21-9dba-ff444b7dba84,KAYAK,ff75bbd1-c4a1-4c21-9dba-ff444b7dba84,KY,0
f4326696-a8e3-11e4-86f9-6c3be5ba6ec8,CALETA TAGUS,"754c1b40-68ed-4782-868a-425956a57bd5","57986a17-f816-41f2-bf46-6e64f281757a",PANGA RIDE,"57986a17-f816-41f2-bf46-6e64f281757a",PR,
"09927eda-7f00-0010-3efb-00001ba27734",RUTA PLAYA EL GARRAPATERO,b28d5ebf-e238-46e1-a65f-ab73dafa2bb9,"9b9b69d6-1de1-4862-a7f1-c6d6d34d21c1",CAMINATA,"9b9b69d6-1de1-4862-a7f1-c6d6d34d21c1",CA,7
f4326696-a8e3-11e4-86f9-6c3be5ba6ec8,CALETA TAGUS,"23bea5f3-d729-4ceb-84d6-c9efdd1dec3f",ff75bbd1-c4a1-4c21-9dba-ff444b7dba84,KAYAK,ff75bbd1-c4a1-4c21-9dba-ff444b7dba84,KY,
"09927eda-7f00-0010-3efb-00001ba27734",RUTA PLAYA EL GARRAPATERO,"8f684aaa-ad59-4d96-9f95-641cdfb97191",ff75bbd1-c4a1-4c21-9dba-ff444b7dba84,KAYAK,ff75bbd1-c4a1-4c21-9dba-ff444b7dba84,KY,0
"0ed8c0ef-7f00-0010-89c3-00008a01a90a",MOSQUERA NORTE,"3c1a00c9-dec8-43c9-87f6-2de1fb1e6aff","931a24f3-05e2-45e2-b61e-34a358b440c5",SNORKEL,"931a24f3-05e2-45e2-b61e-34a358b440c5",SN,0
e63dd025-b2f5-47bc-9dcc-797a2af29495,PUNTA TORTUGA NEGRA,"411640e2-6b00-49a3-8675-718b411b7566","9b9b69d6-1de1-4862-a7f1-c6d6d34d21c1",CAMINATA,"9b9b69d6-1de1-4862-a7f1-c6d6d34d21c1",CA,0
"4e8d23e7-108e-4b79-a104-352c1dd70e19",ISLOTE PUNTA PITT,"1ffd57fb-d012-4959-8e03-7e361b352f30","931a24f3-05e2-45e2-b61e-34a358b440c5",SNORKEL,"931a24f3-05e2-45e2-b61e-34a358b440c5",SN,
"1be29e9a-5fa8-4772-aa23-11cc18f9bf10",LOS CRÁTERES,"350898c5-035d-4d7a-9a8b-5d56eb433036","621279b0-9e1e-460d-922b-1e485f0a2955",SURF,"621279b0-9e1e-460d-922b-1e485f0a2955",SF,0
"0ed90edb-7f00-0010-89c3-00008d9bfb9f",MOSQUERA SUR,c45166d7-6ff2-4ebd-b209-ecb210526d1f,ef0b6210-2ad4-4691-b2ab-fb9ad873d39f,BUCEO SCUBA,ef0b6210-2ad4-4691-b2ab-fb9ad873d39f,SC,6
f4333c06-a8e3-11e4-b9ac-6c3be5ba6ec8,CONCHA DE PERLA,"0de41df5-d9db-4380-9dd3-13180d45f9f3","931a24f3-05e2-45e2-b61e-34a358b440c5",SNORKEL,"931a24f3-05e2-45e2-b61e-34a358b440c5",SN,1
"30badeca-a297-4049-9098-cf0aebb85116",MANGLECITO,afb9b378-8623-4b63-9147-7d8075232132,"621279b0-9e1e-460d-922b-1e485f0a2955",SURF,"621279b0-9e1e-460d-922b-1e485f0a2955",SF,0
"5614f462-160f-11e5-80ee-6c3be5ba6ec8",TONGO REEF,"10b0b9b3-280b-4460-8e06-e397c961964f","621279b0-9e1e-460d-922b-1e485f0a2955",SURF,"621279b0-9e1e-460d-922b-1e485f0a2955",SF,0
b5a4343a-160d-11e5-80ee-6c3be5ba6ec8,PIEDRA AHOGADA,"9de67b27-dc54-4a7e-8e48-a94071a3a82b","931a24f3-05e2-45e2-b61e-34a358b440c5",SNORKEL,"931a24f3-05e2-45e2-b61e-34a358b440c5",SN,0
"0994fa52-7f00-0010-3efb-000060f0529a",RUTA CANAL DE ITABACA-ZONA ESTE,"6861b86a-151b-4fb6-a3ad-2b75a53ff781",ff75bbd1-c4a1-4c21-9dba-ff444b7dba84,KAYAK,ff75bbd1-c4a1-4c21-9dba-ff444b7dba84,KY,0
"0983f046-7f00-0010-3efb-00006f2a2c42",RUTA PUNTA ESTRADA,"93affdcd-4984-472a-bbad-4068de852496",ff75bbd1-c4a1-4c21-9dba-ff444b7dba84,KAYAK,ff75bbd1-c4a1-4c21-9dba-ff444b7dba84,KY,0
d932433f-4bca-4e8e-8869-901e94dce903,LEÓN DORMIDO,"78714fc1-eadf-4b7c-9d41-ca7c669b1ff8","57986a17-f816-41f2-bf46-6e64f281757a",PANGA RIDE,"57986a17-f816-41f2-bf46-6e64f281757a",PR,0
f430dfc4-a8e3-11e4-8bad-6c3be5ba6ec8,BAHÍA ROSA BLANCA,"67525c2a-9036-4308-8084-68c2506af532","9b9b69d6-1de1-4862-a7f1-c6d6d34d21c1",CAMINATA,"9b9b69d6-1de1-4862-a7f1-c6d6d34d21c1",CA,0
"214e1f2c-743a-4e6f-9383-5706dd0cfd30",CERRO BRUJO,"54a904fb-5091-46ac-bdf9-62c99c2e286b","57986a17-f816-41f2-bf46-6e64f281757a",PANGA RIDE,"57986a17-f816-41f2-bf46-6e64f281757a",PR,
f434a5aa-a8e3-11e4-b705-6c3be5ba6ec8,CAAMAÑO,a1f4edec-0bf6-4c74-8fea-1955806b5523,bf289c8a-b410-4af1-89d4-fe657fbc7d2e,BUCEO DE INSTRUCCIÓN,bf289c8a-b410-4af1-89d4-fe657fbc7d2e,BI,1
"50f9b4f5-e5a6-4f14-85f2-d729e8c91f18",PUERTO COCA,"347edaed-9d71-4b10-83f7-ef388f7bec90",ef0b6210-2ad4-4691-b2ab-fb9ad873d39f,BUCEO SCUBA,ef0b6210-2ad4-4691-b2ab-fb9ad873d39f,SC,
c88768dc-bb59-4453-93b5-85c25aa8b10e,CERRO GALLINA,"8076e9b9-e678-4c53-8bfc-63e1e232ccf6","931a24f3-05e2-45e2-b61e-34a358b440c5",SNORKEL,"931a24f3-05e2-45e2-b61e-34a358b440c5",SN,0
"0695bf21-7f00-0010-a1d9-0000d0f4f6ab",PLAYA NORTE CERRO BRUJO,"734f4e4f-dd55-40fe-ad95-9fd2b0ec3b81","931a24f3-05e2-45e2-b61e-34a358b440c5",SNORKEL,"931a24f3-05e2-45e2-b61e-34a358b440c5",SN,0
"0994fa52-7f00-0010-3efb-000060f0529a",RUTA CANAL DE ITABACA-ZONA ESTE,"709030d4-dd84-4908-bb66-6a28061e3081","0c537320-7f00-0010-3efb-00005520442a",TABLA REMO,"0c537320-7f00-0010-3efb-00005520442a",TR,0
"0ff08cef-888b-45bf-9202-13d32830d924",EL BAJO,"8c67c839-f841-44fe-83a3-4f058661a361",bf289c8a-b410-4af1-89d4-fe657fbc7d2e,BUCEO DE INSTRUCCIÓN,bf289c8a-b410-4af1-89d4-fe657fbc7d2e,BI,0
"0983f046-7f00-0010-3efb-00006f2a2c42",RUTA PUNTA ESTRADA,df6a914c-4f8e-4e99-8dc4-53a62d9827fe,"0c537320-7f00-0010-3efb-00005520442a",TABLA REMO,"0c537320-7f00-0010-3efb-00005520442a",TR,0
"214e1f2c-743a-4e6f-9383-5706dd0cfd30",CERRO BRUJO,"070addea-1899-44c2-8e0d-35d0ad00eca7","0c537320-7f00-0010-3efb-00005520442a",TABLA REMO,"0c537320-7f00-0010-3efb-00005520442a",TR,0
c28ab0f9-a886-4a82-9d24-15229cb0dad2,SENDERO LOS PULPOS,fe704493-c681-44bd-b310-40ce87e2ca11,"9b9b69d6-1de1-4862-a7f1-c6d6d34d21c1",CAMINATA,"9b9b69d6-1de1-4862-a7f1-c6d6d34d21c1",CA,0
b83bbd83-74f8-4d31-92fe-c49356e68e42,ISLOTE GARDNER,"9ce2f0c9-9ac1-454f-9b04-b33405077ab1",ef0b6210-2ad4-4691-b2ab-fb9ad873d39f,BUCEO SCUBA,ef0b6210-2ad4-4691-b2ab-fb9ad873d39f,SC,4
a8d0de14-47ef-4551-ba9d-32214106843e,PLAZA SUR,"37a3fe7e-770e-42a5-b999-7c3e8bd70287","9b9b69d6-1de1-4862-a7f1-c6d6d34d21c1",CAMINATA,"9b9b69d6-1de1-4862-a7f1-c6d6d34d21c1",CA,0
"72159e2a-c5a0-4ab1-8a04-1e48b35d319b",ISLA LOBOS,"3100fbb7-232e-439f-b788-271590b27c0b","931a24f3-05e2-45e2-b61e-34a358b440c5",SNORKEL,"931a24f3-05e2-45e2-b61e-34a358b440c5",SN,
f712ca8c-19c2-4c0c-989d-cb75a6a85ecd,PLAZA NORTE,e7988022-5e63-4107-adb6-f003abeef313,eac9ef79-f37e-4f4a-ad0f-8b10010f1069,CHECK DIVE,eac9ef79-f37e-4f4a-ad0f-8b10010f1069,CD,0
f43039c0-a8e3-11e4-94b8-6c3be5ba6ec8,BAHÍA BORRERO,"24773a57-b344-48ee-a465-e0f318e62010","931a24f3-05e2-45e2-b61e-34a358b440c5",SNORKEL,"931a24f3-05e2-45e2-b61e-34a358b440c5",SN,0
f4369aa4-a8e3-11e4-b2ae-6c3be5ba6ec8,LA LOBERÍA - ISLA SAN CRISTÓBAL,"75150174-af5e-4b8f-bdf6-b5f18a75c243","931a24f3-05e2-45e2-b61e-34a358b440c5",SNORKEL,"931a24f3-05e2-45e2-b61e-34a358b440c5",SN,
f43039c0-a8e3-11e4-94b8-6c3be5ba6ec8,BAHÍA BORRERO,"52275418-6476-47d8-b120-76dc39f696d2","57986a17-f816-41f2-bf46-6e64f281757a",PANGA RIDE,"57986a17-f816-41f2-bf46-6e64f281757a",PR,0
f4369aa4-a8e3-11e4-b2ae-6c3be5ba6ec8,LA LOBERÍA - ISLA SAN CRISTÓBAL,"775df00d-11c9-43ee-9385-b9d6f439c0a2","621279b0-9e1e-460d-922b-1e485f0a2955",SURF,"621279b0-9e1e-460d-922b-1e485f0a2955",SF,0
"819469d3-c35f-4bed-8a92-cead74b23c67",PUNTA ESTRADA,"74748c1c-148a-4ce5-beaf-9ba009c2e7d0","931a24f3-05e2-45e2-b61e-34a358b440c5",SNORKEL,"931a24f3-05e2-45e2-b61e-34a358b440c5",SN,
f439208a-a8e3-11e4-abbc-6c3be5ba6ec8,PUERTO CHINO,"2a028b84-3984-4036-bb14-4f5585a8d60a","621279b0-9e1e-460d-922b-1e485f0a2955",SURF,"621279b0-9e1e-460d-922b-1e485f0a2955",SF,0
"819469d3-c35f-4bed-8a92-cead74b23c67",PUNTA ESTRADA,"90b41772-47f7-4d1f-a8e3-a5caa87083d7",fe8c554a-f0a7-42c2-be50-ab53cc202931,BUCEO NOCTURNO,fe8c554a-f0a7-42c2-be50-ab53cc202931,BN,2
"819469d3-c35f-4bed-8a92-cead74b23c67",PUNTA ESTRADA,"342a0a54-65dc-4980-9dd4-4d9553c2e53b",bf289c8a-b410-4af1-89d4-fe657fbc7d2e,BUCEO DE INSTRUCCIÓN,bf289c8a-b410-4af1-89d4-fe657fbc7d2e,BI,2
f4398322-a8e3-11e4-a376-6c3be5ba6ec8,PUNTA PITT,a1bc85f5-dc72-4af7-a452-58030d5b001a,"0c537320-7f00-0010-3efb-00005520442a",TABLA REMO,"0c537320-7f00-0010-3efb-00005520442a",TR,0
"9a95afef-e3b4-4e7f-969e-b08651d5d89c",BALTRA NE,"924e7ad8-30dd-4eb5-bf53-af1b1a51615c","931a24f3-05e2-45e2-b61e-34a358b440c5",SNORKEL,"931a24f3-05e2-45e2-b61e-34a358b440c5",SN,
cc25f81b-0c54-4477-b15d-cba7908ac5ee,EL ARENAL,a52f9dd2-bd7f-4296-96c4-33fabbf67eac,ef0b6210-2ad4-4691-b2ab-fb9ad873d39f,BUCEO SCUBA,ef0b6210-2ad4-4691-b2ab-fb9ad873d39f,SC,
f43abc6a-a8e3-11e4-af3c-6c3be5ba6ec8,TORTUGA BAY,a64fff10-505b-4a19-9f0e-455cbb5a5d92,ff75bbd1-c4a1-4c21-9dba-ff444b7dba84,KAYAK,ff75bbd1-c4a1-4c21-9dba-ff444b7dba84,KY,0
b2807b24-f4fc-4098-aa3d-4b3d831172cb,LA PREDIAL,"2f18d92a-bbaf-464a-877c-4687025f8d5b",fe8c554a-f0a7-42c2-be50-ab53cc202931,BUCEO NOCTURNO,fe8c554a-f0a7-42c2-be50-ab53cc202931,BN,0
"728f089b-6267-4a91-947a-03e436a5ea1b",SEYMOUR CANAL,"8fcc55d6-2bc7-40af-b9a1-9705471a52c1","931a24f3-05e2-45e2-b61e-34a358b440c5",SNORKEL,"931a24f3-05e2-45e2-b61e-34a358b440c5",SN,
"4e8d23e7-108e-4b79-a104-352c1dd70e19",ISLOTE PUNTA PITT,"4472ee0c-9070-4f8f-9059-715c2f3088a8",ef0b6210-2ad4-4691-b2ab-fb9ad873d39f,BUCEO SCUBA,ef0b6210-2ad4-4691-b2ab-fb9ad873d39f,SC,
cf0492d7-13d2-44fd-8cf8-46efe821e365,CABO MARSHALL,"8cb73096-a1e7-4017-9599-b3e0a9ec5cea",fe8c554a-f0a7-42c2-be50-ab53cc202931,BUCEO NOCTURNO,fe8c554a-f0a7-42c2-be50-ab53cc202931,BN,
"9361abc2-97ab-49d5-83e5-54cb82df7e3b",CABO IBBETSON,b62280c3-1a6a-41d4-9d43-2cce30c4a8f3,ef0b6210-2ad4-4691-b2ab-fb9ad873d39f,BUCEO SCUBA,ef0b6210-2ad4-4691-b2ab-fb9ad873d39f,SC,
"30a23830-1a52-4462-944c-915c5aca1e3c",CABO CHALMERS,"5ad65717-b6df-492c-b06c-9e70acd3d557",ef0b6210-2ad4-4691-b2ab-fb9ad873d39f,BUCEO SCUBA,ef0b6210-2ad4-4691-b2ab-fb9ad873d39f,SC,
"9cf86800-858f-483a-bfee-a88142feeff3",SEYMOUR NE,aa0c8643-d958-4a62-aef1-216720e598c8,"931a24f3-05e2-45e2-b61e-34a358b440c5",SNORKEL,"931a24f3-05e2-45e2-b61e-34a358b440c5",SN,6
f438881e-a8e3-11e4-8749-6c3be5ba6ec8,LUZ DEL DIA,fdc2ee54-329f-4146-9dc4-0394b014f765,"57986a17-f816-41f2-bf46-6e64f281757a",PANGA RIDE,"57986a17-f816-41f2-bf46-6e64f281757a",PR,0
f4339e58-a8e3-11e4-b466-6c3be5ba6ec8,EL DERRUMBE,"11398c0d-ba07-4330-bd38-e9323f9c5c6c",ef0b6210-2ad4-4691-b2ab-fb9ad873d39f,BUCEO SCUBA,ef0b6210-2ad4-4691-b2ab-fb9ad873d39f,SC,
f439208a-a8e3-11e4-abbc-6c3be5ba6ec8,PUERTO CHINO,"3aff36ca-bf0b-405b-a2e0-6bb7e2105b8e","0c537320-7f00-0010-3efb-00005520442a",TABLA REMO,"0c537320-7f00-0010-3efb-00005520442a",TR,0
e17b31dd-e8ed-498f-976c-90bca228099d,PUNTA MEJÍA,c7f1f5e8-4eb7-46ba-9201-a2a3857b279a,"931a24f3-05e2-45e2-b61e-34a358b440c5",SNORKEL,"931a24f3-05e2-45e2-b61e-34a358b440c5",SN,
"43725ab0-c59d-423e-9b1b-b22d1db97fb6",BAHÍA PINGUINO,"26833788-bb1c-40d6-b23b-6c35093f76a9","931a24f3-05e2-45e2-b61e-34a358b440c5",SNORKEL,"931a24f3-05e2-45e2-b61e-34a358b440c5",SN,0
b16ecb4e-4f10-49b3-bb9a-23051565616c,CUEVA DE SUCRE,c4326480-9b7b-4f85-b628-58d164352a61,"9b9b69d6-1de1-4862-a7f1-c6d6d34d21c1",CAMINATA,"9b9b69d6-1de1-4862-a7f1-c6d6d34d21c1",CA,3
e4db98ac-99ea-4ea5-b167-281bf1d85f28,LA BANANA,"583096c0-2d49-4372-a20b-70b057e522d9",ef0b6210-2ad4-4691-b2ab-fb9ad873d39f,BUCEO SCUBA,ef0b6210-2ad4-4691-b2ab-fb9ad873d39f,SC,
f43323ce-a8e3-11e4-86e3-6c3be5ba6ec8,CERRO TIJERETAS,"84b20997-e18b-42d3-b309-2334cf9c96e6",bf289c8a-b410-4af1-89d4-fe657fbc7d2e,BUCEO DE INSTRUCCIÓN,bf289c8a-b410-4af1-89d4-fe657fbc7d2e,BI,2
"5f469b33-a217-4ad9-9b53-ff1295bf776f",BAJO GARDNER,"1d4b83aa-160e-4b1c-8285-4a26679964dd",ef0b6210-2ad4-4691-b2ab-fb9ad873d39f,BUCEO SCUBA,ef0b6210-2ad4-4691-b2ab-fb9ad873d39f,SC,0
"2cc91f09-5e7a-4689-ba29-173bad865ee6",ISLOTE DUMB,dcf03dc9-876a-4d37-b5f5-00f5a25aac75,ef0b6210-2ad4-4691-b2ab-fb9ad873d39f,BUCEO SCUBA,ef0b6210-2ad4-4691-b2ab-fb9ad873d39f,SC,
c9e42027-79d0-4771-aaf3-da1dfca34ea3,ISLOTE ONAN (M),"402d25b2-0780-4050-b5d3-4418387ff9e1",ef0b6210-2ad4-4691-b2ab-fb9ad873d39f,BUCEO SCUBA,ef0b6210-2ad4-4691-b2ab-fb9ad873d39f,SC,
f4358b5a-a8e3-11e4-9b35-6c3be5ba6ec8,ISLOTE LA VENTANA,fec81e4b-5666-43be-9403-30fe4b104897,ef0b6210-2ad4-4691-b2ab-fb9ad873d39f,BUCEO SCUBA,ef0b6210-2ad4-4691-b2ab-fb9ad873d39f,SC,
f4392c10-a8e3-11e4-b954-6c3be5ba6ec8,PUERTO GRANDE,"0f698849-b11c-4441-81b9-d2f8a71cd121","02563adc-7f00-0010-1180-00009a892925",CAMPAMENTO,"02563adc-7f00-0010-1180-00009a892925",CP,
"0971f5aa-7f00-0010-3efb-0000a4f101bb",RUTA PUERTO GRANDE,"9084adad-9322-4b4c-b11d-21275241848c",ff75bbd1-c4a1-4c21-9dba-ff444b7dba84,KAYAK,ff75bbd1-c4a1-4c21-9dba-ff444b7dba84,KY,0
f434abb8-a8e3-11e4-b69d-6c3be5ba6ec8,ISLOTE CALDWELL,"31d9de55-0c16-4de4-9f6a-4a15723cda46",ef0b6210-2ad4-4691-b2ab-fb9ad873d39f,BUCEO SCUBA,ef0b6210-2ad4-4691-b2ab-fb9ad873d39f,SC,
"4e8d23e7-108e-4b79-a104-352c1dd70e19",ISLOTE PUNTA PITT,efdcfefe-8400-43a4-b4df-2593222c4fda,"57986a17-f816-41f2-bf46-6e64f281757a",PANGA RIDE,"57986a17-f816-41f2-bf46-6e64f281757a",PR,
"9a95afef-e3b4-4e7f-969e-b08651d5d89c",BALTRA NE,"5b1e0e67-2958-4049-8643-4173c361b542",eac9ef79-f37e-4f4a-ad0f-8b10010f1069,CHECK DIVE,eac9ef79-f37e-4f4a-ad0f-8b10010f1069,CD,
"1d90de97-1d20-42c0-bd40-b632a7c49baf",PUERTO POSADA,"47547d36-cca5-4fc7-bcc5-362346746473",ef0b6210-2ad4-4691-b2ab-fb9ad873d39f,BUCEO SCUBA,ef0b6210-2ad4-4691-b2ab-fb9ad873d39f,SC,
e7d1d3f6-9578-41a7-8176-fb837d587cf9,RÁBIDA,"93b9387f-da33-4a29-89f9-b2a9d45700f2","0c537320-7f00-0010-3efb-00005520442a",TABLA REMO,"0c537320-7f00-0010-3efb-00005520442a",TR,0
f4392c10-a8e3-11e4-b954-6c3be5ba6ec8,PUERTO GRANDE,f6d429b8-0b0e-4c04-9911-24d1e7268d7f,"57986a17-f816-41f2-bf46-6e64f281757a",PANGA RIDE,"57986a17-f816-41f2-bf46-6e64f281757a",PR,
a6052e41-ef39-4648-a5f0-cbfbcf28d260,BAHÍA DARWIN,"7549b1b7-d318-4169-98f3-83f467b00733",ff75bbd1-c4a1-4c21-9dba-ff444b7dba84,KAYAK,ff75bbd1-c4a1-4c21-9dba-ff444b7dba84,KY,
"8069d708-6770-442b-90ff-366d79513eb5",PLAYA NEGRA,b409f077-8fa2-481c-b4b9-12adbb6eeabe,"931a24f3-05e2-45e2-b61e-34a358b440c5",SNORKEL,"931a24f3-05e2-45e2-b61e-34a358b440c5",SN,
"72159e2a-c5a0-4ab1-8a04-1e48b35d319b",ISLA LOBOS,c8625b20-3b57-4994-9f53-44fd4578105e,"9b9b69d6-1de1-4862-a7f1-c6d6d34d21c1",CAMINATA,"9b9b69d6-1de1-4862-a7f1-c6d6d34d21c1",CA,
"830342db-6ca0-4c1a-86dd-56c636e621f4",GALAPAGUERA NATURAL,"9cce2b10-fc7c-4bb4-b264-c83f2a55c11e","931a24f3-05e2-45e2-b61e-34a358b440c5",SNORKEL,"931a24f3-05e2-45e2-b61e-34a358b440c5",SN,
f438881e-a8e3-11e4-8749-6c3be5ba6ec8,LUZ DEL DIA,a4f3c10e-7be7-462f-8747-6ba0feffd220,ff75bbd1-c4a1-4c21-9dba-ff444b7dba84,KAYAK,ff75bbd1-c4a1-4c21-9dba-ff444b7dba84,KY,0
b84329fe-3097-11e5-afe0-6c3be5ba6ec8,PLAYA ESCONDIDA,"940e34e5-3205-4938-9f12-7df89bd15506","9b9b69d6-1de1-4862-a7f1-c6d6d34d21c1",CAMINATA,"9b9b69d6-1de1-4862-a7f1-c6d6d34d21c1",CA,0
b2807b24-f4fc-4098-aa3d-4b3d831172cb,LA PREDIAL,d047c38b-9be0-478a-a28c-93bc8aded23f,bf289c8a-b410-4af1-89d4-fe657fbc7d2e,BUCEO DE INSTRUCCIÓN,bf289c8a-b410-4af1-89d4-fe657fbc7d2e,BI,0
"43725ab0-c59d-423e-9b1b-b22d1db97fb6",BAHÍA PINGUINO,"033940e9-d4bf-4fee-a223-f5088f485d69","57986a17-f816-41f2-bf46-6e64f281757a",PANGA RIDE,"57986a17-f816-41f2-bf46-6e64f281757a",PR,0
"82d12c0b-8b33-4f2e-81e7-b16b8ed0a901",BAHÍA BALLENA,e58d9515-13f4-4326-a60c-e04c6f464023,"931a24f3-05e2-45e2-b61e-34a358b440c5",SNORKEL,"931a24f3-05e2-45e2-b61e-34a358b440c5",SN,
"82d12c0b-8b33-4f2e-81e7-b16b8ed0a901",BAHÍA BALLENA,fe7dc5a2-dd82-4b9b-aa6d-a206211caefc,"0c537320-7f00-0010-3efb-00005520442a",TABLA REMO,"0c537320-7f00-0010-3efb-00005520442a",TR,0
d932433f-4bca-4e8e-8869-901e94dce903,LEÓN DORMIDO,a112f2e7-608f-4b81-a337-a42415a747af,"0b24b52c-7f00-0010-1180-00002331a6d9",CIRCUNNAVEGACIÓN,"0b24b52c-7f00-0010-1180-00002331a6d9",CN,0
aa8ab722-6ce6-460e-906a-cdfd41e41d64,ROCA FELIPE,aa2c9524-1766-4967-8c4b-bf284baa8f8c,ef0b6210-2ad4-4691-b2ab-fb9ad873d39f,BUCEO SCUBA,ef0b6210-2ad4-4691-b2ab-fb9ad873d39f,SC,
"5c831bf6-14ae-11e5-850a-6c3be5ba6ec8",BAHÍA CARTAGO GRANDE,e78f2cda-2ffa-4fba-89a6-554f0573d3d2,"931a24f3-05e2-45e2-b61e-34a358b440c5",SNORKEL,"931a24f3-05e2-45e2-b61e-34a358b440c5",SN,
"9114a61f-f80f-47a4-bb13-3017e98b45b1",PUNTA SHARK BAY,"6b0f8cb7-8afe-402d-a17c-a15c6546a675",ef0b6210-2ad4-4691-b2ab-fb9ad873d39f,BUCEO SCUBA,ef0b6210-2ad4-4691-b2ab-fb9ad873d39f,SC,
fefcbf16-d7c4-44c5-9c16-388aa35083c9,EL FINADO,"6d34bf39-1228-484f-9e94-2228d8d724f3","931a24f3-05e2-45e2-b61e-34a358b440c5",SNORKEL,"931a24f3-05e2-45e2-b61e-34a358b440c5",SN,
f43225e6-a8e3-11e4-8569-6c3be5ba6ec8,CALERA,"84cf45d9-f9fe-4a34-9d11-e0b6ca502a01","931a24f3-05e2-45e2-b61e-34a358b440c5",SNORKEL,"931a24f3-05e2-45e2-b61e-34a358b440c5",SN,
"4164f5b0-6bdb-4a4c-93f7-3e1a9cd4da5d",ISLOTE CUATRO HERMANOS,"05431185-5ae8-456f-968b-f71970929be9","931a24f3-05e2-45e2-b61e-34a358b440c5",SNORKEL,"931a24f3-05e2-45e2-b61e-34a358b440c5",SN,
"95a0be02-450c-4ee1-b43e-ddef8e5a3de5",FONDADERO (DARWIN),f56830a3-0ca3-4154-954e-56d895c84efe,fe8c554a-f0a7-42c2-be50-ab53cc202931,BUCEO NOCTURNO,fe8c554a-f0a7-42c2-be50-ab53cc202931,BN,
"6ce03caa-06b9-49db-b003-4094f8240f64",DARWIN,abe07ed2-b22e-48ef-8bf7-9d25f2a011d8,ef0b6210-2ad4-4691-b2ab-fb9ad873d39f,BUCEO SCUBA,ef0b6210-2ad4-4691-b2ab-fb9ad873d39f,SC,
"5e1ed4eb-6302-443f-ac2a-1c0951cbf75e",FONDADERO (WOLF),"96089349-fecd-4e71-97d6-dd5bff19fada",fe8c554a-f0a7-42c2-be50-ab53cc202931,BUCEO NOCTURNO,fe8c554a-f0a7-42c2-be50-ab53cc202931,BN,
"1f05aa3e-7545-4a29-8cc3-1fc7660e0969",FONDADERO (CABO MARSHALL),"0e067dac-9550-4071-9faf-f1b88693306a",fe8c554a-f0a7-42c2-be50-ab53cc202931,BUCEO NOCTURNO,fe8c554a-f0a7-42c2-be50-ab53cc202931,BN,
ec310325-cc3c-45fa-b82c-0c33bbb1415d,ROCA SIN NOMBRE,"0023f1eb-0863-4a9a-945c-1b7576a36b85",ef0b6210-2ad4-4691-b2ab-fb9ad873d39f,BUCEO SCUBA,ef0b6210-2ad4-4691-b2ab-fb9ad873d39f,SC,
dc6f658e-ff6e-41c0-b799-1e44e59dbba0,ROCAS GORDON,ab0abf84-0438-413b-ba4c-f936bad66ff6,"931a24f3-05e2-45e2-b61e-34a358b440c5",SNORKEL,"931a24f3-05e2-45e2-b61e-34a358b440c5",SN,
"85cad35c-e63d-4ff1-9784-6fdd5bafb64e",PUNTA DEL MIEDO,"817abd91-1877-4dec-9cc8-d03d3d2ee119",ef0b6210-2ad4-4691-b2ab-fb9ad873d39f,BUCEO SCUBA,ef0b6210-2ad4-4691-b2ab-fb9ad873d39f,SC,
"0ee1f49f-7f00-0010-89c3-000067347878",PLAYA NORTE CERRO BRUJO,f5621c3e-d434-4268-93a2-25d34cc2802c,"931a24f3-05e2-45e2-b61e-34a358b440c5",SNORKEL,"931a24f3-05e2-45e2-b61e-34a358b440c5",SN,10
"9a95afef-e3b4-4e7f-969e-b08651d5d89c",BALTRA NE,"293f7000-27b4-4c61-b2a3-23bf5edab909",ef0b6210-2ad4-4691-b2ab-fb9ad873d39f,BUCEO SCUBA,ef0b6210-2ad4-4691-b2ab-fb9ad873d39f,SC,
"24bbd9e4-1bc2-42a5-8d57-f83e3a17a198",CIUDAD DE LAS MANTAS,"193e236b-2b57-4278-acff-5dce5533eb9a",ef0b6210-2ad4-4691-b2ab-fb9ad873d39f,BUCEO SCUBA,ef0b6210-2ad4-4691-b2ab-fb9ad873d39f,SC,
d9bde7b9-cb39-407e-a995-f5d5986eb7fc,ISLA EDÉN,"76d02b71-0b2d-43c4-948a-f78174242f5f",ff75bbd1-c4a1-4c21-9dba-ff444b7dba84,KAYAK,ff75bbd1-c4a1-4c21-9dba-ff444b7dba84,KY,
af28ed6a-1fe4-4005-be5e-fc69734b3769,LOS TÚNELES,d65902ca-1cc4-4be6-8d04-d2cb5f394d46,"931a24f3-05e2-45e2-b61e-34a358b440c5",SNORKEL,"931a24f3-05e2-45e2-b61e-34a358b440c5",SN,
f438a4fc-a8e3-11e4-b961-6c3be5ba6ec8,PUNTA MONTALVO,"22c7e269-18c9-42a1-9107-f42c37df6768",ef0b6210-2ad4-4691-b2ab-fb9ad873d39f,BUCEO SCUBA,ef0b6210-2ad4-4691-b2ab-fb9ad873d39f,SC,0
"18e57ba6-cfc7-4574-9966-dcf4269e5f7f",VOLCÁN SIERRA NEGRA/VOLCÁN CHICO,b7e9fb27-7ba4-443b-ac02-ce68d00e6f36,"02563adc-7f00-0010-1180-00009a892925",CAMPAMENTO,"02563adc-7f00-0010-1180-00009a892925",CP,0
af28ed6a-1fe4-4005-be5e-fc69734b3769,LOS TÚNELES,"876b0eae-14c7-459c-b4c7-e1a799a29412","57986a17-f816-41f2-bf46-6e64f281757a",PANGA RIDE,"57986a17-f816-41f2-bf46-6e64f281757a",PR,
"1d1ae14d-b1ee-4df0-9980-2243762e96d5",BAJO DE CERRO BRUJO,"05518a4a-61e7-4c22-9d24-fedea137908f",ef0b6210-2ad4-4691-b2ab-fb9ad873d39f,BUCEO SCUBA,ef0b6210-2ad4-4691-b2ab-fb9ad873d39f,SC,
"5cb01c34-b83a-41a9-a41a-b7cc52ea434a",ISLOTE TORTUGA OESTE,cb2b5e2e-6cd2-4667-8d71-5479ec93f3cb,"931a24f3-05e2-45e2-b61e-34a358b440c5",SNORKEL,"931a24f3-05e2-45e2-b61e-34a358b440c5",SN,0
"5370ee82-9c29-4a7c-a2bd-195249911b27",PLAYA BAQUERIZO,"938cf726-b1b1-4ce3-a176-5cb6306848d6","931a24f3-05e2-45e2-b61e-34a358b440c5",SNORKEL,"931a24f3-05e2-45e2-b61e-34a358b440c5",SN,
"3c4df120-14af-11e5-850a-6c3be5ba6ec8",RUTA EL EMBARCADERO,"170b7f1b-b120-4ee0-98a0-be5c5e6a06bf","0c537320-7f00-0010-3efb-00005520442a",TABLA REMO,"0c537320-7f00-0010-3efb-00005520442a",TR,0
"5c831bf6-14ae-11e5-850a-6c3be5ba6ec8",BAHÍA CARTAGO GRANDE,"43c8c9ae-d108-4cfe-aeb8-1be426bfdf43","57986a17-f816-41f2-bf46-6e64f281757a",PANGA RIDE,"57986a17-f816-41f2-bf46-6e64f281757a",PR,
"51d661c0-573b-453b-94e8-7d09dc4b0321",LA LOBERÍA - ISLA ISABELA,"152ae2ec-bffe-451e-85b9-6cf015f601c2","931a24f3-05e2-45e2-b61e-34a358b440c5",SNORKEL,"931a24f3-05e2-45e2-b61e-34a358b440c5",SN,
"30badeca-a297-4049-9098-cf0aebb85116",MANGLECITO,b35368cd-4e63-426b-8e12-c1913bbcf64e,"931a24f3-05e2-45e2-b61e-34a358b440c5",SNORKEL,"931a24f3-05e2-45e2-b61e-34a358b440c5",SN,
"30badeca-a297-4049-9098-cf0aebb85116",MANGLECITO,"2de9124c-4467-4e25-af45-cfb8d6ef53b8","9b9b69d6-1de1-4862-a7f1-c6d6d34d21c1",CAMINATA,"9b9b69d6-1de1-4862-a7f1-c6d6d34d21c1",CA,0
"27a9b38c-6e72-448d-a3fe-fa5e36736a89",PUNTA CARRIÓN EXTERIOR,"80112921-850b-49d1-9420-f58cdac47245",fe8c554a-f0a7-42c2-be50-ab53cc202931,BUCEO NOCTURNO,fe8c554a-f0a7-42c2-be50-ab53cc202931,BN,
aa8ab722-6ce6-460e-906a-cdfd41e41d64,ROCA FELIPE,"209ddb37-b895-4053-8682-b69ff3042306","931a24f3-05e2-45e2-b61e-34a358b440c5",SNORKEL,"931a24f3-05e2-45e2-b61e-34a358b440c5",SN,
ce97bd80-bc4a-4eaf-b817-1ad7420b0a5c,ISLOTE MOSQUERA,"56ec8112-4e84-4da4-ade2-8aee698af1d9",ef0b6210-2ad4-4691-b2ab-fb9ad873d39f,BUCEO SCUBA,ef0b6210-2ad4-4691-b2ab-fb9ad873d39f,SC,
"830342db-6ca0-4c1a-86dd-56c636e621f4",GALAPAGUERA NATURAL,fd4cb5c7-53f9-4b1f-8f5c-d5c4031db0b0,"9b9b69d6-1de1-4862-a7f1-c6d6d34d21c1",CAMINATA,"9b9b69d6-1de1-4862-a7f1-c6d6d34d21c1",CA,
"0ee1f49f-7f00-0010-89c3-000067347878",PLAYA NORTE CERRO BRUJO,"73b03a44-f6c1-4229-b697-b55d41512eee","57986a17-f816-41f2-bf46-6e64f281757a",PANGA RIDE,"57986a17-f816-41f2-bf46-6e64f281757a",PR,10
"928a78b1-47f7-4692-bc70-1cf48ee2b1f0",LA RATONERA,"398e8aa1-227e-459b-9335-a5c0ff48ee9e","9b9b69d6-1de1-4862-a7f1-c6d6d34d21c1",CAMINATA,"9b9b69d6-1de1-4862-a7f1-c6d6d34d21c1",CA,0
"928a78b1-47f7-4692-bc70-1cf48ee2b1f0",LA RATONERA,"09c907cf-24e5-4a1c-8d3a-cf0d2fab536b","621279b0-9e1e-460d-922b-1e485f0a2955",SURF,"621279b0-9e1e-460d-922b-1e485f0a2955",SF,0
"5370ee82-9c29-4a7c-a2bd-195249911b27",PLAYA BAQUERIZO,f38c1cce-73b0-4cc8-9dae-9bd92b54517b,"9b9b69d6-1de1-4862-a7f1-c6d6d34d21c1",CAMINATA,"9b9b69d6-1de1-4862-a7f1-c6d6d34d21c1",CA,
f436275e-a8e3-11e4-a5e8-6c3be5ba6ec8,ISLOTE TORTUGA,cb2a904b-d96e-4395-a16b-cb9804550b77,ef0b6210-2ad4-4691-b2ab-fb9ad873d39f,BUCEO SCUBA,ef0b6210-2ad4-4691-b2ab-fb9ad873d39f,SC,
"0ed90edb-7f00-0010-89c3-00008d9bfb9f",MOSQUERA SUR,"8c342945-15cf-44de-8dce-ab3807810356","931a24f3-05e2-45e2-b61e-34a358b440c5",SNORKEL,"931a24f3-05e2-45e2-b61e-34a358b440c5",SN,0
d9bde7b9-cb39-407e-a995-f5d5986eb7fc,ISLA EDÉN,"1ddf9fce-8c73-419d-8244-325ae38b6f67","931a24f3-05e2-45e2-b61e-34a358b440c5",SNORKEL,"931a24f3-05e2-45e2-b61e-34a358b440c5",SN,
f43abc6a-a8e3-11e4-af3c-6c3be5ba6ec8,TORTUGA BAY,"18463dba-5360-4f46-90b3-4ddc124b78c7","621279b0-9e1e-460d-922b-1e485f0a2955",SURF,"621279b0-9e1e-460d-922b-1e485f0a2955",SF,0
f43323ce-a8e3-11e4-86e3-6c3be5ba6ec8,CERRO TIJERETAS,"21dc18f3-afc3-4fa9-b91c-26c25a1e825a","931a24f3-05e2-45e2-b61e-34a358b440c5",SNORKEL,"931a24f3-05e2-45e2-b61e-34a358b440c5",SN,
"0987df61-7f00-0010-3efb-0000b7b87e4a",RUTA MUELLE MUNICIPAL,"0eda8f25-9f14-4d3b-9133-3f5d97c15232",ff75bbd1-c4a1-4c21-9dba-ff444b7dba84,KAYAK,ff75bbd1-c4a1-4c21-9dba-ff444b7dba84,KY,0
e7fbeb24-686b-41c0-9411-9bc567e7d29e,DAPHNE MAYOR,"1f93ae5c-9c28-43fa-8a04-a3104a43dfdf","0b24b52c-7f00-0010-1180-00002331a6d9",CIRCUNNAVEGACIÓN,"0b24b52c-7f00-0010-1180-00002331a6d9",CN,3
"0971f5aa-7f00-0010-3efb-0000a4f101bb",RUTA PUERTO GRANDE,ceaf3bc3-7c62-49d4-9cc9-96db517153cb,"0c537320-7f00-0010-3efb-00005520442a",TABLA REMO,"0c537320-7f00-0010-3efb-00005520442a",TR,0
f4368992-a8e3-11e4-bc77-6c3be5ba6ec8,LA FE,f6d6f2fa-2e59-4a1f-8a7e-d52a201e16b4,"931a24f3-05e2-45e2-b61e-34a358b440c5",SNORKEL,"931a24f3-05e2-45e2-b61e-34a358b440c5",SN,10
f43731c6-a8e3-11e4-81cc-6c3be5ba6ec8,MINAS DE AZUFRE,"94f2c570-deba-4324-b48b-27fa80fe5795","02563adc-7f00-0010-1180-00009a892925",CAMPAMENTO,"02563adc-7f00-0010-1180-00009a892925",CP,0
f4383c9c-a8e3-11e4-947a-6c3be5ba6ec8,PUNTA CORMORANT ,a290ef90-fb3c-4a38-a83e-2dea88c0b1e9,"57986a17-f816-41f2-bf46-6e64f281757a",PANGA RIDE,"57986a17-f816-41f2-bf46-6e64f281757a",PR,
"819469d3-c35f-4bed-8a92-cead74b23c67",PUNTA ESTRADA,"2a5f54a0-efef-4649-84d0-921d04112fec",ff75bbd1-c4a1-4c21-9dba-ff444b7dba84,KAYAK,ff75bbd1-c4a1-4c21-9dba-ff444b7dba84,KY,0
"299fe007-2a39-495c-8208-a94a41f36224",PUNTA ARGERMEYER,"847f71be-2fd0-426e-ab8a-21e9addc91ff","621279b0-9e1e-460d-922b-1e485f0a2955",SURF,"621279b0-9e1e-460d-922b-1e485f0a2955",SF,0
c8ef969a-ebc7-44f3-8aed-a26b74d698d6,ROCA BALLENA,a52b0888-7f6d-46d0-bad6-b50db3e4c66f,bf289c8a-b410-4af1-89d4-fe657fbc7d2e,BUCEO DE INSTRUCCIÓN,bf289c8a-b410-4af1-89d4-fe657fbc7d2e,BI,0
f4358b5a-a8e3-11e4-9b35-6c3be5ba6ec8,ISLOTE LA VENTANA,"66aab8d0-71fd-40cc-bf75-bd4ae75f7a71","57986a17-f816-41f2-bf46-6e64f281757a",PANGA RIDE,"57986a17-f816-41f2-bf46-6e64f281757a",PR,4
"241242c3-f6ac-4322-a2e4-cc4d3eba79a4",PLAYA ESPUMILLA,"9a015a9e-ffca-444d-85f5-9fc9624be6f9","931a24f3-05e2-45e2-b61e-34a358b440c5",SNORKEL,"931a24f3-05e2-45e2-b61e-34a358b440c5",SN,
f436d53c-a8e3-11e4-bb7b-6c3be5ba6ec8,LAS PALMITAS,"7c6b8dfc-40ba-4efd-944d-1c28f87e411c","57986a17-f816-41f2-bf46-6e64f281757a",PANGA RIDE,"57986a17-f816-41f2-bf46-6e64f281757a",PR,0
cf0492d7-13d2-44fd-8cf8-46efe821e365,CABO MARSHALL,"5d1fb117-af4a-45f8-ac95-71cadf4e4e8d","57986a17-f816-41f2-bf46-6e64f281757a",PANGA RIDE,"57986a17-f816-41f2-bf46-6e64f281757a",PR,
f436d53c-a8e3-11e4-bb7b-6c3be5ba6ec8,LAS PALMITAS,d9b4d7b9-7d55-4b8f-b606-f2320c0a24f1,"9b9b69d6-1de1-4862-a7f1-c6d6d34d21c1",CAMINATA,"9b9b69d6-1de1-4862-a7f1-c6d6d34d21c1",CA,0
"241242c3-f6ac-4322-a2e4-cc4d3eba79a4",PLAYA ESPUMILLA,d5048c7f-09c9-425e-9fdd-d10d38607654,"57986a17-f816-41f2-bf46-6e64f281757a",PANGA RIDE,"57986a17-f816-41f2-bf46-6e64f281757a",PR,
f430dfc4-a8e3-11e4-8bad-6c3be5ba6ec8,BAHÍA ROSA BLANCA,f5eb4ed9-ac51-4cf7-ac3d-20196ed8d3d0,"931a24f3-05e2-45e2-b61e-34a358b440c5",SNORKEL,"931a24f3-05e2-45e2-b61e-34a358b440c5",SN,0
f434a5aa-a8e3-11e4-b705-6c3be5ba6ec8,CAAMAÑO,b2187c5e-c7a1-4a71-95b2-203b81d591b9,"931a24f3-05e2-45e2-b61e-34a358b440c5",SNORKEL,"931a24f3-05e2-45e2-b61e-34a358b440c5",SN,0
"269ecd94-067e-48cc-a709-eece3bf297ed",CALETA BUCANERO,ad575121-bafb-48a3-903c-f4a00d1d4c81,"57986a17-f816-41f2-bf46-6e64f281757a",PANGA RIDE,"57986a17-f816-41f2-bf46-6e64f281757a",PR,
f43731c6-a8e3-11e4-81cc-6c3be5ba6ec8,MINAS DE AZUFRE,a9c8525b-1112-4811-a21c-0fef027e916b,"9b9b69d6-1de1-4862-a7f1-c6d6d34d21c1",CAMINATA,"9b9b69d6-1de1-4862-a7f1-c6d6d34d21c1",CA,
f43323ce-a8e3-11e4-86e3-6c3be5ba6ec8,CERRO TIJERETAS,d7f105aa-94fd-41c6-9b22-4099eb8414dd,"57986a17-f816-41f2-bf46-6e64f281757a",PANGA RIDE,"57986a17-f816-41f2-bf46-6e64f281757a",PR,
"24bbd9e4-1bc2-42a5-8d57-f83e3a17a198",CIUDAD DE LAS MANTAS,c013be33-ded9-4fc4-b73b-568a509248ef,"931a24f3-05e2-45e2-b61e-34a358b440c5",SNORKEL,"931a24f3-05e2-45e2-b61e-34a358b440c5",SN,0
"24bbd9e4-1bc2-42a5-8d57-f83e3a17a198",CIUDAD DE LAS MANTAS,cc201643-6a54-435f-8b68-f94e938f6b5d,"57986a17-f816-41f2-bf46-6e64f281757a",PANGA RIDE,"57986a17-f816-41f2-bf46-6e64f281757a",PR,0
"5f0d5004-fa42-4945-9de1-356c18fd673c",SANTA FE/FONDEADERO,"165ab51f-71ce-4c4f-a732-bd213a149a77","931a24f3-05e2-45e2-b61e-34a358b440c5",SNORKEL,"931a24f3-05e2-45e2-b61e-34a358b440c5",SN,8
"269ecd94-067e-48cc-a709-eece3bf297ed",CALETA BUCANERO,"9e35fded-4168-4709-bd52-3ac92302e9cf",ff75bbd1-c4a1-4c21-9dba-ff444b7dba84,KAYAK,ff75bbd1-c4a1-4c21-9dba-ff444b7dba84,KY,
d9bde7b9-cb39-407e-a995-f5d5986eb7fc,ISLA EDÉN,"7c76e601-8586-4999-aea5-397ce3f63336","57986a17-f816-41f2-bf46-6e64f281757a",PANGA RIDE,"57986a17-f816-41f2-bf46-6e64f281757a",PR,
"9c731f45-1987-4174-a84d-7cb8ad9115d4",PUNTA MORENO,"5ed8fa85-266c-4a62-abcd-bec25d85b627","931a24f3-05e2-45e2-b61e-34a358b440c5",SNORKEL,"931a24f3-05e2-45e2-b61e-34a358b440c5",SN,
"0987df61-7f00-0010-3efb-0000b7b87e4a",RUTA MUELLE MUNICIPAL,"4ca96c5a-359a-494b-964e-cd5947fd7614","0c537320-7f00-0010-3efb-00005520442a",TABLA REMO,"0c537320-7f00-0010-3efb-00005520442a",TR,0
d9bde7b9-cb39-407e-a995-f5d5986eb7fc,ISLA EDÉN,"0909e0a8-b16c-4559-874f-796e19c4daf3","0c537320-7f00-0010-3efb-00005520442a",TABLA REMO,"0c537320-7f00-0010-3efb-00005520442a",TR,0
f43abc6a-a8e3-11e4-af3c-6c3be5ba6ec8,TORTUGA BAY,"8624a3ff-e7b2-45e5-80db-c780b5dbbd28","0c537320-7f00-0010-3efb-00005520442a",TABLA REMO,"0c537320-7f00-0010-3efb-00005520442a",TR,0
"241242c3-f6ac-4322-a2e4-cc4d3eba79a4",PLAYA ESPUMILLA,"5e7c8979-6342-48d2-ae19-63624ebc77df","0c537320-7f00-0010-3efb-00005520442a",TABLA REMO,"0c537320-7f00-0010-3efb-00005520442a",TR,0
"9c731f45-1987-4174-a84d-7cb8ad9115d4",PUNTA MORENO,"68ae9eb9-b639-4e59-a9fc-5f76046277df","57986a17-f816-41f2-bf46-6e64f281757a",PANGA RIDE,"57986a17-f816-41f2-bf46-6e64f281757a",PR,
f436275e-a8e3-11e4-a5e8-6c3be5ba6ec8,ISLOTE TORTUGA,"46a0529f-c878-4e8c-bc80-9474ab180659","931a24f3-05e2-45e2-b61e-34a358b440c5",SNORKEL,"931a24f3-05e2-45e2-b61e-34a358b440c5",SN,
a8d0de14-47ef-4551-ba9d-32214106843e,PLAZA SUR,"9ddee385-315b-4652-9330-e9f71716168a",ef0b6210-2ad4-4691-b2ab-fb9ad873d39f,BUCEO SCUBA,ef0b6210-2ad4-4691-b2ab-fb9ad873d39f,SC,6
"64aac576-8e9f-413a-acc8-1918104c43d5",ISLOTE ENDERBY,f306b1cf-a770-490e-b35d-d9ba972cdecb,"931a24f3-05e2-45e2-b61e-34a358b440c5",SNORKEL,"931a24f3-05e2-45e2-b61e-34a358b440c5",SN,0
"64aac576-8e9f-413a-acc8-1918104c43d5",ISLOTE ENDERBY,"98016fed-f661-4f56-8c0b-4af09f66b304","57986a17-f816-41f2-bf46-6e64f281757a",PANGA RIDE,"57986a17-f816-41f2-bf46-6e64f281757a",PR,0
f4398322-a8e3-11e4-a376-6c3be5ba6ec8,PUNTA PITT,"5c2e527d-e33f-47f1-b388-61b761be351a","0f4d9343-7f00-0010-2fd3-00005006e0cf",FONDEO,"0f4d9343-7f00-0010-2fd3-00005006e0cf",FD,1
"06885e6f-7f00-0010-2fd3-0000b60bf137",PUNTA CEVALLOS,ace33e73-7d7a-4a20-bb85-3b1ccf3805ac,"9b9b69d6-1de1-4862-a7f1-c6d6d34d21c1",CAMINATA,"9b9b69d6-1de1-4862-a7f1-c6d6d34d21c1",CA,0
"0692bbfc-7f00-0010-2fd3-0000173cc7a2",MANZANILLO,"5d47f8fa-7d58-478d-934e-a1f3bdc32dcb","9b9b69d6-1de1-4862-a7f1-c6d6d34d21c1",CAMINATA,"9b9b69d6-1de1-4862-a7f1-c6d6d34d21c1",CA,0
f436275e-a8e3-11e4-a5e8-6c3be5ba6ec8,ISLOTE TORTUGA,"55efbea2-a5a9-4adb-a70c-60a61cb439e8","57986a17-f816-41f2-bf46-6e64f281757a",PANGA RIDE,"57986a17-f816-41f2-bf46-6e64f281757a",PR,0
"0692bbfc-7f00-0010-2fd3-0000173cc7a2",MANZANILLO,"0148d0dd-2c5c-4dde-a24c-c33252d9b300","931a24f3-05e2-45e2-b61e-34a358b440c5",SNORKEL,"931a24f3-05e2-45e2-b61e-34a358b440c5",SN,0
"5cb01c34-b83a-41a9-a41a-b7cc52ea434a",ISLOTE TORTUGA OESTE,"624fa83f-bd9b-4986-bb86-b46efcf4f231","57986a17-f816-41f2-bf46-6e64f281757a",PANGA RIDE,"57986a17-f816-41f2-bf46-6e64f281757a",PR,0
"0a9404c4-7f00-0010-5895-0000234d4c5c",LA HORTENSIA,"8a455e29-6301-41bc-b4f2-749dbe031e10",bf289c8a-b410-4af1-89d4-fe657fbc7d2e,BUCEO DE INSTRUCCIÓN,bf289c8a-b410-4af1-89d4-fe657fbc7d2e,BI,0
af28ed6a-1fe4-4005-be5e-fc69734b3769,LOS TÚNELES,"6e5a28df-16e8-4ad0-9b77-0579e60bf31a","9b9b69d6-1de1-4862-a7f1-c6d6d34d21c1",CAMINATA,"9b9b69d6-1de1-4862-a7f1-c6d6d34d21c1",CA,
fefcbf16-d7c4-44c5-9c16-388aa35083c9,EL FINADO,"1a819299-e6c1-4350-9b2e-71626d98ae69","9b9b69d6-1de1-4862-a7f1-c6d6d34d21c1",CAMINATA,"9b9b69d6-1de1-4862-a7f1-c6d6d34d21c1",CA,0
"30badeca-a297-4049-9098-cf0aebb85116",MANGLECITO,"5a8bf364-9d9a-4af6-a9d1-db13f8797554",ff75bbd1-c4a1-4c21-9dba-ff444b7dba84,KAYAK,ff75bbd1-c4a1-4c21-9dba-ff444b7dba84,KY,0
"50f9b4f5-e5a6-4f14-85f2-d729e8c91f18",PUERTO COCA,afb2d17d-f925-464d-8d87-61c5d2cbf65e,"931a24f3-05e2-45e2-b61e-34a358b440c5",SNORKEL,"931a24f3-05e2-45e2-b61e-34a358b440c5",SN,0
"50f9b4f5-e5a6-4f14-85f2-d729e8c91f18",PUERTO COCA,"4f7f9c41-948c-41c6-83cd-b85d3dfd77c6","57986a17-f816-41f2-bf46-6e64f281757a",PANGA RIDE,"57986a17-f816-41f2-bf46-6e64f281757a",PR,0
f43039c0-a8e3-11e4-94b8-6c3be5ba6ec8,BAHÍA BORRERO,"90fd36d3-db5f-467e-b228-8beba57b7eb2","9b9b69d6-1de1-4862-a7f1-c6d6d34d21c1",CAMINATA,"9b9b69d6-1de1-4862-a7f1-c6d6d34d21c1",CA,0
f43039c0-a8e3-11e4-94b8-6c3be5ba6ec8,BAHÍA BORRERO,"5544ed96-f171-4813-84ff-fee312cd9dea",ff75bbd1-c4a1-4c21-9dba-ff444b7dba84,KAYAK,ff75bbd1-c4a1-4c21-9dba-ff444b7dba84,KY,0
"0a9108c7-7f00-0010-2fd3-00006346b6b4",LOBERÍA GRANDE,"1147712e-bacd-48fe-ad4f-0bcb81a8993b","9b9b69d6-1de1-4862-a7f1-c6d6d34d21c1",CAMINATA,"9b9b69d6-1de1-4862-a7f1-c6d6d34d21c1",CA,0
"0a9108c7-7f00-0010-2fd3-00006346b6b4",LOBERÍA GRANDE,"00f3b676-7405-465c-b8ee-956a381f326d","931a24f3-05e2-45e2-b61e-34a358b440c5",SNORKEL,"931a24f3-05e2-45e2-b61e-34a358b440c5",SN,0
"0a90d1b7-7f00-0010-5895-000042651284",PUNTA ESTE LOBERIA GRANDE,"0249e192-cdc3-471d-be1f-bdcc7da10140",bf289c8a-b410-4af1-89d4-fe657fbc7d2e,BUCEO DE INSTRUCCIÓN,bf289c8a-b410-4af1-89d4-fe657fbc7d2e,BI,0
b8f62bbd-761e-484f-8b4e-6531d74a2e8a,ANCHOR BAY,d925ee93-eae9-446c-8770-9aea2e209a22,fe8c554a-f0a7-42c2-be50-ab53cc202931,BUCEO NOCTURNO,fe8c554a-f0a7-42c2-be50-ab53cc202931,BN,6
"5f0d5004-fa42-4945-9de1-356c18fd673c",SANTA FE/FONDEADERO,"671d8773-397a-4ced-bd7e-4bf5fe5fb287","0c537320-7f00-0010-3efb-00005520442a",TABLA REMO,"0c537320-7f00-0010-3efb-00005520442a",TR,0
"0a8ad7b7-7f00-0010-5895-00005f7d0064",BAJO DE CERRO MUNDO ,cd206fe8-f65c-4712-b5b4-155799222687,bf289c8a-b410-4af1-89d4-fe657fbc7d2e,BUCEO DE INSTRUCCIÓN,bf289c8a-b410-4af1-89d4-fe657fbc7d2e,BI,0
e8036232-4cc7-46d6-ae11-a822c7448d7e,CABO DOUGLAS,"09f7a049-f898-4fa3-a491-edbe3200ec81","931a24f3-05e2-45e2-b61e-34a358b440c5",SNORKEL,"931a24f3-05e2-45e2-b61e-34a358b440c5",SN,0
f4326696-a8e3-11e4-86f9-6c3be5ba6ec8,CALETA TAGUS,"9f3eb1d9-4800-4d31-b8df-36a04813327d","0c537320-7f00-0010-3efb-00005520442a",TABLA REMO,"0c537320-7f00-0010-3efb-00005520442a",TR,0
eba808dc-15f3-11e5-860a-6c3be5ba6ec8,LOBERÍA CHICA,"71eb4a35-a512-4ab4-926b-bb6740520062","931a24f3-05e2-45e2-b61e-34a358b440c5",SNORKEL,"931a24f3-05e2-45e2-b61e-34a358b440c5",SN,0
f43323ce-a8e3-11e4-86e3-6c3be5ba6ec8,CERRO TIJERETAS,"4c14b9c2-396d-4a48-b76c-89bdbad6fa2f","9b9b69d6-1de1-4862-a7f1-c6d6d34d21c1",CAMINATA,"9b9b69d6-1de1-4862-a7f1-c6d6d34d21c1",CA,8
f43323ce-a8e3-11e4-86e3-6c3be5ba6ec8,CERRO TIJERETAS,e4332b57-5668-4218-875b-3c787384b2d9,eac9ef79-f37e-4f4a-ad0f-8b10010f1069,CHECK DIVE,eac9ef79-f37e-4f4a-ad0f-8b10010f1069,CD,0
"0a855053-7f00-0010-5895-000033d7030d",CUEVA BAHÍA NAUFRAGIO ,"2ca456fa-b420-43f3-8af6-806a1e5ea755",bf289c8a-b410-4af1-89d4-fe657fbc7d2e,BUCEO DE INSTRUCCIÓN,bf289c8a-b410-4af1-89d4-fe657fbc7d2e,BI,0
cc25f81b-0c54-4477-b15d-cba7908ac5ee,EL ARENAL,f7333030-8dcc-4225-9d5a-e95e44eac6be,"57986a17-f816-41f2-bf46-6e64f281757a",PANGA RIDE,"57986a17-f816-41f2-bf46-6e64f281757a",PR,0
"13e9c477-7ebe-4bd7-923c-5e51b87d4e35",ISLOTE CHAMPION,"3c86454e-5d9c-4192-8c65-af621b232edd","931a24f3-05e2-45e2-b61e-34a358b440c5",SNORKEL,"931a24f3-05e2-45e2-b61e-34a358b440c5",SN,
"324b60a4-47b4-48fa-8135-371578784f8e",CASA DE LA BARONESA,f491e2ca-62ec-4f21-ab8e-e3ba5c8f3562,"02563adc-7f00-0010-1180-00009a892925",CAMPAMENTO,"02563adc-7f00-0010-1180-00009a892925",CP,1
"889bb4e3-9c1b-49ab-8048-68fd46c4cdab",BAHÍA SULLIVAN,c0d40888-d1f1-4939-8879-aea208dded1e,"57986a17-f816-41f2-bf46-6e64f281757a",PANGA RIDE,"57986a17-f816-41f2-bf46-6e64f281757a",PR,0
"0ecc9673-7f00-0010-89c3-00009792fc87",PLAYA EDEN,f001e487-0948-493d-8420-527551bd07bb,"931a24f3-05e2-45e2-b61e-34a358b440c5",SNORKEL,"931a24f3-05e2-45e2-b61e-34a358b440c5",SN,0
e7fbeb24-686b-41c0-9411-9bc567e7d29e,DAPHNE MAYOR,"4dac510a-b314-46a8-b975-1c14afd6636d","931a24f3-05e2-45e2-b61e-34a358b440c5",SNORKEL,"931a24f3-05e2-45e2-b61e-34a358b440c5",SN,0
"06767127-7f00-0010-2fd3-000099ea2a4b",LAS CUEVAS,"015ce370-4757-4226-b48b-80a716022832","9b9b69d6-1de1-4862-a7f1-c6d6d34d21c1",CAMINATA,"9b9b69d6-1de1-4862-a7f1-c6d6d34d21c1",CA,4
"06767127-7f00-0010-2fd3-000099ea2a4b",LAS CUEVAS,"4a54d823-509f-4b0d-a223-96e63c93f57f","57986a17-f816-41f2-bf46-6e64f281757a",PANGA RIDE,"57986a17-f816-41f2-bf46-6e64f281757a",PR,0
"06767127-7f00-0010-2fd3-000099ea2a4b",LAS CUEVAS,cd7cdd75-0794-4aff-998b-675d5ee10eb8,"931a24f3-05e2-45e2-b61e-34a358b440c5",SNORKEL,"931a24f3-05e2-45e2-b61e-34a358b440c5",SN,0
"0cf6ce71-7f00-0010-a74e-0000b80d1e93",PALMAS GRANDES,"8f7281f3-0796-4dc7-854e-4f67cebd5bc5","621279b0-9e1e-460d-922b-1e485f0a2955",SURF,"621279b0-9e1e-460d-922b-1e485f0a2955",SF,0
"0688ab23-7f00-0010-0820-000099318f94",SENDERO IGUANA,"2a7603bc-70e4-4144-b198-40d789e6a3fc","9b9b69d6-1de1-4862-a7f1-c6d6d34d21c1",CAMINATA,"9b9b69d6-1de1-4862-a7f1-c6d6d34d21c1",CA,0
"0688ab23-7f00-0010-0820-000099318f94",SENDERO IGUANA,"60a677c1-414f-48a6-b790-15f8d3033a67","931a24f3-05e2-45e2-b61e-34a358b440c5",SNORKEL,"931a24f3-05e2-45e2-b61e-34a358b440c5",SN,0
f4374328-a8e3-11e4-87ac-6c3be5ba6ec8,MIRADOR DE LA BARONESA,"67ceb247-ce74-4703-864a-077187aa6202","931a24f3-05e2-45e2-b61e-34a358b440c5",SNORKEL,"931a24f3-05e2-45e2-b61e-34a358b440c5",SN,0
"069a4303-7f00-0010-2fd3-000035981d65",ROCA TORTUGA,c03ac8b8-906f-4f13-bd37-06e224066fe2,"931a24f3-05e2-45e2-b61e-34a358b440c5",SNORKEL,"931a24f3-05e2-45e2-b61e-34a358b440c5",SN,0
"053a64ce-7f00-0010-8ab6-0000ec06de3d",RUTA POZA DE LAS DIABLAS,aaddeb22-d702-453f-85cd-45bccceaacfa,ff75bbd1-c4a1-4c21-9dba-ff444b7dba84,KAYAK,ff75bbd1-c4a1-4c21-9dba-ff444b7dba84,KY,0
"09927eda-7f00-0010-3efb-00001ba27734",RUTA PLAYA EL GARRAPATERO,d47dbaf3-d9c2-4901-b5ff-b682b271fda5,"0c537320-7f00-0010-3efb-00005520442a",TABLA REMO,"0c537320-7f00-0010-3efb-00005520442a",TR,0
"08db12e3-7f00-0010-b04c-00001d6d7023",RUTA CANAL DE ITABACA ZONA OESTE,"119c1243-ffc4-4457-9ed4-326b30455db9",ff75bbd1-c4a1-4c21-9dba-ff444b7dba84,KAYAK,ff75bbd1-c4a1-4c21-9dba-ff444b7dba84,KY,1
"08db12e3-7f00-0010-b04c-00001d6d7023",RUTA CANAL DE ITABACA ZONA OESTE,"82d14103-72df-43a6-b4df-b6a11fee79ae","0c537320-7f00-0010-3efb-00005520442a",TABLA REMO,"0c537320-7f00-0010-3efb-00005520442a",TR,1
"08d71182-7f00-0010-b04c-000080ea0386",RUTA PLAYA LA ESTACIÓN ,ecea9590-38dd-4e73-92af-a1f7e8674371,ff75bbd1-c4a1-4c21-9dba-ff444b7dba84,KAYAK,ff75bbd1-c4a1-4c21-9dba-ff444b7dba84,KY,1
"0684dbea-7f00-0010-0820-0000cc1d1901",PUNTA BOWDITCH,f63bd09c-c031-49b7-862a-fe39933d5bff,"931a24f3-05e2-45e2-b61e-34a358b440c5",SNORKEL,"931a24f3-05e2-45e2-b61e-34a358b440c5",SN,0
"08d71182-7f00-0010-b04c-000080ea0386",RUTA PLAYA LA ESTACIÓN ,a99624f0-71e1-43f5-9240-087bb773582d,"0c537320-7f00-0010-3efb-00005520442a",TABLA REMO,"0c537320-7f00-0010-3efb-00005520442a",TR,1
"16357c10-3093-11e5-afe0-6c3be5ba6ec8",PUNTA MANGLE,"39a09252-5c88-4ce0-9f53-c7a63d53169f",ff75bbd1-c4a1-4c21-9dba-ff444b7dba84,KAYAK,ff75bbd1-c4a1-4c21-9dba-ff444b7dba84,KY,0
"16357c10-3093-11e5-afe0-6c3be5ba6ec8",PUNTA MANGLE,"86998f4d-0b9d-4a21-b3d4-3bcee6146aeb","0c537320-7f00-0010-3efb-00005520442a",TABLA REMO,"0c537320-7f00-0010-3efb-00005520442a",TR,0
f4383c9c-a8e3-11e4-947a-6c3be5ba6ec8,PUNTA CORMORANT ,"74dbd1ba-baae-43da-a14a-6acd00c37205","9b9b69d6-1de1-4862-a7f1-c6d6d34d21c1",CAMINATA,"9b9b69d6-1de1-4862-a7f1-c6d6d34d21c1",CA,6
f4383c9c-a8e3-11e4-947a-6c3be5ba6ec8,PUNTA CORMORANT ,bc6c8078-d44d-4b5f-a0b7-180457abc88a,eac9ef79-f37e-4f4a-ad0f-8b10010f1069,CHECK DIVE,eac9ef79-f37e-4f4a-ad0f-8b10010f1069,CD,0
f4383c9c-a8e3-11e4-947a-6c3be5ba6ec8,PUNTA CORMORANT ,b752d18d-bde9-4aa3-96ad-b09767746b9a,ff75bbd1-c4a1-4c21-9dba-ff444b7dba84,KAYAK,ff75bbd1-c4a1-4c21-9dba-ff444b7dba84,KY,0
f4383c9c-a8e3-11e4-947a-6c3be5ba6ec8,PUNTA CORMORANT ,"3e5cb45f-c1ff-48fd-b2dc-92406e1d8b72","0c537320-7f00-0010-3efb-00005520442a",TABLA REMO,"0c537320-7f00-0010-3efb-00005520442a",TR,0
f43039c0-a8e3-11e4-94b8-6c3be5ba6ec8,BAHÍA BORRERO,"46c61aab-e609-496f-a733-91c2caaf9e94","0c537320-7f00-0010-3efb-00005520442a",TABLA REMO,"0c537320-7f00-0010-3efb-00005520442a",TR,0
f4385f56-a8e3-11e4-b8c3-6c3be5ba6ec8,PUNTA ESPINOZA,e2157182-ec4e-4ac2-87ea-1e0ec81172e4,"57986a17-f816-41f2-bf46-6e64f281757a",PANGA RIDE,"57986a17-f816-41f2-bf46-6e64f281757a",PR,0
"0135c558-7f00-0010-e895-0000eab76ec8",PLAYA INN,f0a8ee7f-e444-4e27-bb8d-022c6d2aee5f,"9b9b69d6-1de1-4862-a7f1-c6d6d34d21c1",CAMINATA,"9b9b69d6-1de1-4862-a7f1-c6d6d34d21c1",CA,0
"0135c558-7f00-0010-e895-0000eab76ec8",PLAYA INN,e393d801-581c-4969-9ce9-ad2baf0cee91,"931a24f3-05e2-45e2-b61e-34a358b440c5",SNORKEL,"931a24f3-05e2-45e2-b61e-34a358b440c5",SN,0
"05e0806f-7f00-0010-e895-000032af5df8",PUNTA SARDINA,"2392d6ad-f432-445f-a8d5-427470e32c88","621279b0-9e1e-460d-922b-1e485f0a2955",SURF,"621279b0-9e1e-460d-922b-1e485f0a2955",SF,1
"0a38e7a2-160e-11e5-80ee-6c3be5ba6ec8",PLAYA BONITA,"5a28fd05-cce6-445a-8856-55f7bab594b2","931a24f3-05e2-45e2-b61e-34a358b440c5",SNORKEL,"931a24f3-05e2-45e2-b61e-34a358b440c5",SN,0
"0a38e7a2-160e-11e5-80ee-6c3be5ba6ec8",PLAYA BONITA,"86c35cb5-91f7-40a4-bcb2-ef367614455b","9b9b69d6-1de1-4862-a7f1-c6d6d34d21c1",CAMINATA,"9b9b69d6-1de1-4862-a7f1-c6d6d34d21c1",CA,0
"0a38e7a2-160e-11e5-80ee-6c3be5ba6ec8",PLAYA BONITA,cdd368e5-3f86-4416-8985-afc4137cbac8,"621279b0-9e1e-460d-922b-1e485f0a2955",SURF,"621279b0-9e1e-460d-922b-1e485f0a2955",SF,1
"01006683-7f00-0010-1180-00007e157630",BAHÍA GARDNER,a7487060-dfec-4b74-8610-685bbf12a080,"931a24f3-05e2-45e2-b61e-34a358b440c5",SNORKEL,"931a24f3-05e2-45e2-b61e-34a358b440c5",SN,
"01006683-7f00-0010-1180-00007e157630",BAHÍA GARDNER,a56ce75d-28b0-43b6-a715-103286c11d64,"9b9b69d6-1de1-4862-a7f1-c6d6d34d21c1",CAMINATA,"9b9b69d6-1de1-4862-a7f1-c6d6d34d21c1",CA,
"01006683-7f00-0010-1180-00007e157630",BAHÍA GARDNER,"3369f0a0-f55a-48d1-ab85-c740a9f36828",ff75bbd1-c4a1-4c21-9dba-ff444b7dba84,KAYAK,ff75bbd1-c4a1-4c21-9dba-ff444b7dba84,KY,
"01006683-7f00-0010-1180-00007e157630",BAHÍA GARDNER,a838b8a1-f644-4998-827c-19f8e9cb7af5,"0c537320-7f00-0010-3efb-00005520442a",TABLA REMO,"0c537320-7f00-0010-3efb-00005520442a",TR,0
"45b11ede-14b1-11e5-850a-6c3be5ba6ec8",BAHÍA SARDINA,"154ea0bd-2aa8-4178-b1bb-1114178a394b","931a24f3-05e2-45e2-b61e-34a358b440c5",SNORKEL,"931a24f3-05e2-45e2-b61e-34a358b440c5",SN,0
"45b11ede-14b1-11e5-850a-6c3be5ba6ec8",BAHÍA SARDINA,"37227771-52e5-4019-8aa4-f0d620de0e93","9b9b69d6-1de1-4862-a7f1-c6d6d34d21c1",CAMINATA,"9b9b69d6-1de1-4862-a7f1-c6d6d34d21c1",CA,0
"830342db-6ca0-4c1a-86dd-56c636e621f4",GALAPAGUERA NATURAL,d01d5222-0b52-4bc2-b73e-dcb80d5223a5,"57986a17-f816-41f2-bf46-6e64f281757a",PANGA RIDE,"57986a17-f816-41f2-bf46-6e64f281757a",PR,0
"086bd243-7f00-0010-e895-0000c2f031ba",LAS NEGRITAS,ba7d4e30-412b-421c-805f-919e384df2b0,"621279b0-9e1e-460d-922b-1e485f0a2955",SURF,"621279b0-9e1e-460d-922b-1e485f0a2955",SF,2
"0870f695-7f00-0010-e895-0000b88dc615",BAJO 20 VARAS,bb42322b-6d5c-4dcb-a7df-95ad557991f9,"621279b0-9e1e-460d-922b-1e485f0a2955",SURF,"621279b0-9e1e-460d-922b-1e485f0a2955",SF,2
"0893904e-7f00-0010-e895-000082788cb2",EL PESCADOR,"81fe1b4a-b9f3-4c5a-ada6-cfe8a09e5b99","621279b0-9e1e-460d-922b-1e485f0a2955",SURF,"621279b0-9e1e-460d-922b-1e485f0a2955",SF,1
"08aabfb3-7f00-0010-e895-0000a2c7d66b",Surf Playa del Muerto,d65af474-c326-4524-979a-cb5305f67261,"621279b0-9e1e-460d-922b-1e485f0a2955",SURF,"621279b0-9e1e-460d-922b-1e485f0a2955",SF,0
"08a45737-7f00-0010-e895-00005d29a92d",SURF OUTER REEF MANGLECITO,"0119da3d-e29a-49f6-9d8e-d881f0398adf","621279b0-9e1e-460d-922b-1e485f0a2955",SURF,"621279b0-9e1e-460d-922b-1e485f0a2955",SF,0
a8d0de14-47ef-4551-ba9d-32214106843e,PLAZA SUR,"740dbeab-068a-4099-b672-ee8d93cfdebc",eac9ef79-f37e-4f4a-ad0f-8b10010f1069,CHECK DIVE,eac9ef79-f37e-4f4a-ad0f-8b10010f1069,CD,6
a8d0de14-47ef-4551-ba9d-32214106843e,PLAZA SUR,b4f5efaf-5299-468c-9721-bea6dd02ab07,ff75bbd1-c4a1-4c21-9dba-ff444b7dba84,KAYAK,ff75bbd1-c4a1-4c21-9dba-ff444b7dba84,KY,0
a8d0de14-47ef-4551-ba9d-32214106843e,PLAZA SUR,"090abf09-6e46-402c-aa9d-c8e6873a42a8","0c537320-7f00-0010-3efb-00005520442a",TABLA REMO,"0c537320-7f00-0010-3efb-00005520442a",TR,0
a8d0de14-47ef-4551-ba9d-32214106843e,PLAZA SUR,"85a9b4b9-1cc6-4652-a83e-912a7ce876f5","57986a17-f816-41f2-bf46-6e64f281757a",PANGA RIDE,"57986a17-f816-41f2-bf46-6e64f281757a",PR,0
f4333634-a8e3-11e4-ac93-6c3be5ba6ec8,COMPLEJO DE HUMEDALES,"5894091d-38e0-4b6f-852f-7a1ac544bb4b","9b9b69d6-1de1-4862-a7f1-c6d6d34d21c1",CAMINATA,"9b9b69d6-1de1-4862-a7f1-c6d6d34d21c1",CA,
f43859a2-a8e3-11e4-be4d-6c3be5ba6ec8,PUNTA ESPEJO,a8ee6afb-370d-4a13-af15-15ac9e5d5db9,"57986a17-f816-41f2-bf46-6e64f281757a",PANGA RIDE,"57986a17-f816-41f2-bf46-6e64f281757a",PR,0
"8069d708-6770-442b-90ff-366d79513eb5",PLAYA NEGRA,"4b31658d-7939-45c8-ad2a-9a7004417850","57986a17-f816-41f2-bf46-6e64f281757a",PANGA RIDE,"57986a17-f816-41f2-bf46-6e64f281757a",PR,
"72159e2a-c5a0-4ab1-8a04-1e48b35d319b",ISLA LOBOS,be9595cb-d51f-407d-8beb-67b0c6d16871,"57986a17-f816-41f2-bf46-6e64f281757a",PANGA RIDE,"57986a17-f816-41f2-bf46-6e64f281757a",PR,
"0684dbea-7f00-0010-0820-0000cc1d1901",PUNTA BOWDITCH,db999347-b5b7-4576-8ff3-b0226d8a7691,"57986a17-f816-41f2-bf46-6e64f281757a",PANGA RIDE,"57986a17-f816-41f2-bf46-6e64f281757a",PR,0
"0684dbea-7f00-0010-0820-0000cc1d1901",PUNTA BOWDITCH,d0a1997a-e8a2-47ac-91b4-291af0fbcc61,"9b9b69d6-1de1-4862-a7f1-c6d6d34d21c1",CAMINATA,"9b9b69d6-1de1-4862-a7f1-c6d6d34d21c1",CA,0
"0684dbea-7f00-0010-0820-0000cc1d1901",PUNTA BOWDITCH,"85b54599-ff0d-4d5c-8cbc-73eb46d42b85",ff75bbd1-c4a1-4c21-9dba-ff444b7dba84,KAYAK,ff75bbd1-c4a1-4c21-9dba-ff444b7dba84,KY,0
"0684dbea-7f00-0010-0820-0000cc1d1901",PUNTA BOWDITCH,d7b72838-584c-4881-b114-fb5034422be7,"0c537320-7f00-0010-3efb-00005520442a",TABLA REMO,"0c537320-7f00-0010-3efb-00005520442a",TR,0
"91abfdde-1b58-409a-b27c-b19cef18b0d0",ROCA REDONDA,"1a2fbe08-487e-427d-9d1d-76455fd33f4c","0b24b52c-7f00-0010-1180-00002331a6d9",CIRCUNNAVEGACIÓN,"0b24b52c-7f00-0010-1180-00002331a6d9",CN,0
"91abfdde-1b58-409a-b27c-b19cef18b0d0",ROCA REDONDA,a44bc491-4c86-469f-98dd-d12c2a25896d,ef0b6210-2ad4-4691-b2ab-fb9ad873d39f,BUCEO SCUBA,ef0b6210-2ad4-4691-b2ab-fb9ad873d39f,SC,
"91abfdde-1b58-409a-b27c-b19cef18b0d0",ROCA REDONDA,ef3ddef1-a579-461b-ad34-3987b9a87f8b,"931a24f3-05e2-45e2-b61e-34a358b440c5",SNORKEL,"931a24f3-05e2-45e2-b61e-34a358b440c5",SN,
"91abfdde-1b58-409a-b27c-b19cef18b0d0",ROCA REDONDA,efa129d1-561c-4d5b-b612-6a9e5322b066,"57986a17-f816-41f2-bf46-6e64f281757a",PANGA RIDE,"57986a17-f816-41f2-bf46-6e64f281757a",PR,0
"06853a2a-7f00-0010-0903-00008e9ecf9f",Grimaneza,"52e10ea5-887c-4fed-bd27-4331cb5ea371","931a24f3-05e2-45e2-b61e-34a358b440c5",SNORKEL,"931a24f3-05e2-45e2-b61e-34a358b440c5",SN,0
"0688be57-7f00-0010-0903-0000ffebfc1c",CALETA IGUANA,cdd6f430-e778-4ff3-8fb8-1369e0ed5452,"931a24f3-05e2-45e2-b61e-34a358b440c5",SNORKEL,"931a24f3-05e2-45e2-b61e-34a358b440c5",SN,0
"0688be57-7f00-0010-0903-0000ffebfc1c",CALETA IGUANA,dafa4f0f-1e8b-4108-9bee-770fe220a50f,"57986a17-f816-41f2-bf46-6e64f281757a",PANGA RIDE,"57986a17-f816-41f2-bf46-6e64f281757a",PR,0
"0692c482-7f00-0010-0903-000052ff003e",CARTAGO CHICO,aaadacdc-6831-4682-8bfe-25d69f1d748e,"9b9b69d6-1de1-4862-a7f1-c6d6d34d21c1",CAMINATA,"9b9b69d6-1de1-4862-a7f1-c6d6d34d21c1",CA,0
"0692c482-7f00-0010-0903-000052ff003e",CARTAGO CHICO,"20eed62b-35a7-498e-a4ac-743caf942c98","57986a17-f816-41f2-bf46-6e64f281757a",PANGA RIDE,"57986a17-f816-41f2-bf46-6e64f281757a",PR,0
"070adc13-7f00-0010-0903-00001208203d",PLAYA CORMORANT,b023e57c-5645-487b-9696-939795423e7c,"931a24f3-05e2-45e2-b61e-34a358b440c5",SNORKEL,"931a24f3-05e2-45e2-b61e-34a358b440c5",SN,0
"070adc13-7f00-0010-0903-00001208203d",PLAYA CORMORANT,"09e29388-8111-4259-8b39-3bc0658eb86b","57986a17-f816-41f2-bf46-6e64f281757a",PANGA RIDE,"57986a17-f816-41f2-bf46-6e64f281757a",PR,0
"204ad883-f11e-49c8-a48d-ab3197d157c7",BAHIA POST OFFICE,"080cbcaa-196c-489f-b914-511253a7f9df","0c537320-7f00-0010-3efb-00005520442a",TABLA REMO,"0c537320-7f00-0010-3efb-00005520442a",TR,0
"204ad883-f11e-49c8-a48d-ab3197d157c7",BAHIA POST OFFICE,"9b0a5043-7a22-4ac8-b3cd-a316aa19d473",ff75bbd1-c4a1-4c21-9dba-ff444b7dba84,KAYAK,ff75bbd1-c4a1-4c21-9dba-ff444b7dba84,KY,0
a1ea6f6f-7286-4171-ae8f-b38644385143,PUERTO EGAS,e397acb2-4300-4d04-9306-6c27a666ca88,"9b9b69d6-1de1-4862-a7f1-c6d6d34d21c1",CAMINATA,"9b9b69d6-1de1-4862-a7f1-c6d6d34d21c1",CA,
a1ea6f6f-7286-4171-ae8f-b38644385143,PUERTO EGAS,a6845957-0e74-4eaf-92ad-473a9419f0be,ff75bbd1-c4a1-4c21-9dba-ff444b7dba84,KAYAK,ff75bbd1-c4a1-4c21-9dba-ff444b7dba84,KY,0
a1ea6f6f-7286-4171-ae8f-b38644385143,PUERTO EGAS,"5ce44d6a-6ea6-4977-ba69-79b580da8701","0c537320-7f00-0010-3efb-00005520442a",TABLA REMO,"0c537320-7f00-0010-3efb-00005520442a",TR,0
f43451fe-a8e3-11e4-8139-6c3be5ba6ec8,ISLA GARDNER - ESPAÑOLA,"46b13659-7ce8-4cfe-941f-560d1352b4ac","931a24f3-05e2-45e2-b61e-34a358b440c5",SNORKEL,"931a24f3-05e2-45e2-b61e-34a358b440c5",SN,0
f43451fe-a8e3-11e4-8139-6c3be5ba6ec8,ISLA GARDNER - ESPAÑOLA,ee9d2dbd-bd55-46ca-bb90-cddf5859a31e,"57986a17-f816-41f2-bf46-6e64f281757a",PANGA RIDE,"57986a17-f816-41f2-bf46-6e64f281757a",PR,0
f438cd6a-a8e3-11e4-9153-6c3be5ba6ec8,PUNTA SUAREZ,"7cbbfd61-e2e2-43de-bdd4-9ce80932d125","9b9b69d6-1de1-4862-a7f1-c6d6d34d21c1",CAMINATA,"9b9b69d6-1de1-4862-a7f1-c6d6d34d21c1",CA,
