"sitio_id","sitio_nm","nombre","id_mod"
a6052e41-ef39-4648-a5f0-cbfbcf28d260,BAHÍA DARWIN,TOUR NAVEGABLE,"5c621ca9-0690-459e-ad15-07fea9e171e9"
"8eb1e9ef-dca3-44cd-b371-566a6a0d9b29",PUNTA OESTE TORTUGA BAY,LIBRE,"043775e8-7f00-0010-7080-0000ab36c7a8"
aa699e66-a13b-4c20-8dc7-8acd76038393,VOLCÁN ALCEDO,TOUR NAVEGABLE,"5c621ca9-0690-459e-ad15-07fea9e171e9"
"1d90de97-1d20-42c0-bd40-b632a7c49baf",PUERTO POSADA,TOUR DE BUCEO NAVEGABLE,"0f3de551-3dff-47fc-b5f5-7a197f311055"
"33d0d675-328d-4f00-a266-64879f2a4742",PUNTA ALBERMARLE,TOUR NAVEGABLE,"5c621ca9-0690-459e-ad15-07fea9e171e9"
dd5c9496-901f-4877-84ad-4b75c4d6c63b,OUTER REEF,LIBRE,"043775e8-7f00-0010-7080-0000ab36c7a8"
f4379daa-a8e3-11e4-b836-6c3be5ba6ec8,PLAYA DE LA ESTACIÓN CHARLES DARWIN,LIBRE,"043775e8-7f00-0010-7080-0000ab36c7a8"
"01133432-7f00-0010-1180-000073f7e95a",CERRO DRAGÓN,TOUR NAVEGABLE,"5c621ca9-0690-459e-ad15-07fea9e171e9"
"01133432-7f00-0010-1180-000073f7e95a",CERRO DRAGÓN,TOUR DE BUCEO NAVEGABLE,"0f3de551-3dff-47fc-b5f5-7a197f311055"
"01133432-7f00-0010-1180-000073f7e95a",CERRO DRAGÓN,TOUR DIARIO,"44bb5ac2-a860-4001-82de-92420a0fe7f8"
f8d57b6c-3d11-451d-b237-ad26f21b22ed,BAHÍA ELIZABETH,TOUR NAVEGABLE,"5c621ca9-0690-459e-ad15-07fea9e171e9"
b8f62bbd-761e-484f-8b4e-6531d74a2e8a,ANCHOR BAY,TOUR DE BUCEO NAVEGABLE,"0f3de551-3dff-47fc-b5f5-7a197f311055"
dbfc417c-1a3f-43fb-9358-5261a5ac3872,ARENERO DE EL FARO,INSTRUCCIÓN BUCEO,"04b78ec6-7f00-0010-3efb-0000468b7874"
"5260650a-cc63-4ba3-b802-1ff634b67859",ASILO DE LA PAZ,TOUR NAVEGABLE,"5c621ca9-0690-459e-ad15-07fea9e171e9"
"5260650a-cc63-4ba3-b802-1ff634b67859",ASILO DE LA PAZ,TOUR DE PUERTO A PUERTO,dbbc063b-28fd-4730-b190-64484e821deb
"5260650a-cc63-4ba3-b802-1ff634b67859",ASILO DE LA PAZ,LIBRE,"043775e8-7f00-0010-7080-0000ab36c7a8"
"82d12c0b-8b33-4f2e-81e7-b16b8ed0a901",BAHÍA BALLENA,TOUR NAVEGABLE,"5c621ca9-0690-459e-ad15-07fea9e171e9"
"5c831bf6-14ae-11e5-850a-6c3be5ba6ec8",BAHÍA CARTAGO GRANDE,PESCA VIVENCIAL,f20e957b-1a99-4bd2-91a5-2841c77f698b
f43119c6-a8e3-11e4-be28-6c3be5ba6ec8,BAHÍA URBINA,TOUR NAVEGABLE,"5c621ca9-0690-459e-ad15-07fea9e171e9"
f43119c6-a8e3-11e4-be28-6c3be5ba6ec8,BAHÍA URBINA,TOUR DE BUCEO NAVEGABLE,"0f3de551-3dff-47fc-b5f5-7a197f311055"
"5033570c-b18f-46f5-896d-7d16f8ae8439",BAJO BAZÁN,LIBRE,"043775e8-7f00-0010-7080-0000ab36c7a8"
"1d1ae14d-b1ee-4df0-9980-2243762e96d5",BAJO DE CERRO BRUJO,TOUR DIARIO DE BUCEO,"8c969b9e-d44a-456b-8b75-c4d63708c70c"
"0a8ad7b7-7f00-0010-5895-00005f7d0064",BAJO DE CERRO MUNDO ,INSTRUCCIÓN BUCEO,"04b78ec6-7f00-0010-3efb-0000468b7874"
"5f469b33-a217-4ad9-9b53-ff1295bf776f",BAJO GARDNER,TOUR DIARIO DE BUCEO,"8c969b9e-d44a-456b-8b75-c4d63708c70c"
"9a95afef-e3b4-4e7f-969e-b08651d5d89c",BALTRA NE,TOUR DIARIO DE BUCEO,"8c969b9e-d44a-456b-8b75-c4d63708c70c"
"9a95afef-e3b4-4e7f-969e-b08651d5d89c",BALTRA NE,TOUR DE BUCEO NAVEGABLE,"0f3de551-3dff-47fc-b5f5-7a197f311055"
"010c8a61-7f00-0010-1180-000058320979",BARTOLOMÉ,TOUR NAVEGABLE,"5c621ca9-0690-459e-ad15-07fea9e171e9"
"010c8a61-7f00-0010-1180-000058320979",BARTOLOMÉ,TOUR DE BUCEO NAVEGABLE,"0f3de551-3dff-47fc-b5f5-7a197f311055"
"010c8a61-7f00-0010-1180-000058320979",BARTOLOMÉ,TOUR DIARIO,"44bb5ac2-a860-4001-82de-92420a0fe7f8"
"1f8cdf48-3b22-4ae4-b55e-171a4e6a814f",BARTOLOMÉ PUNTA,TOUR DIARIO DE BUCEO,"8c969b9e-d44a-456b-8b75-c4d63708c70c"
"1f8cdf48-3b22-4ae4-b55e-171a4e6a814f",BARTOLOMÉ PUNTA,TOUR DE BUCEO NAVEGABLE,"0f3de551-3dff-47fc-b5f5-7a197f311055"
f434a5aa-a8e3-11e4-b705-6c3be5ba6ec8,CAAMAÑO,TOUR DE BAHÍA,"391aa12e-501e-422a-a98b-03d1b6c7851d"
f434a5aa-a8e3-11e4-b705-6c3be5ba6ec8,CAAMAÑO,INSTRUCCIÓN BUCEO,"04b78ec6-7f00-0010-3efb-0000468b7874"
"30a23830-1a52-4462-944c-915c5aca1e3c",CABO CHALMERS,TOUR DE BUCEO NAVEGABLE,"0f3de551-3dff-47fc-b5f5-7a197f311055"
e8036232-4cc7-46d6-ae11-a822c7448d7e,CABO DOUGLAS,TOUR DE BUCEO NAVEGABLE,"0f3de551-3dff-47fc-b5f5-7a197f311055"
"5ad6399d-4899-48f8-bce5-48b6dc48f205",CABO HAMMOND,TOUR DE BUCEO NAVEGABLE,"0f3de551-3dff-47fc-b5f5-7a197f311055"
"9361abc2-97ab-49d5-83e5-54cb82df7e3b",CABO IBBETSON,TOUR DE BUCEO NAVEGABLE,"0f3de551-3dff-47fc-b5f5-7a197f311055"
cf0492d7-13d2-44fd-8cf8-46efe821e365,CABO MARSHALL,TOUR DE BUCEO NAVEGABLE,"0f3de551-3dff-47fc-b5f5-7a197f311055"
"269ecd94-067e-48cc-a709-eece3bf297ed",CALETA BUCANERO,TOUR NAVEGABLE,"5c621ca9-0690-459e-ad15-07fea9e171e9"
"269ecd94-067e-48cc-a709-eece3bf297ed",CALETA BUCANERO,TOUR DE BUCEO NAVEGABLE,"0f3de551-3dff-47fc-b5f5-7a197f311055"
f4326696-a8e3-11e4-86f9-6c3be5ba6ec8,CALETA TAGUS,TOUR NAVEGABLE,"5c621ca9-0690-459e-ad15-07fea9e171e9"
"38fe4fc9-6e8f-4939-a959-17f1de9868f3",CALETA TORTUGA NEGRA,TOUR NAVEGABLE,"5c621ca9-0690-459e-ad15-07fea9e171e9"
e6b62138-8870-4efe-be60-0dfa4351a8ee,CARAGUA,INSTRUCCIÓN BUCEO,"04b78ec6-7f00-0010-3efb-0000468b7874"
"67b974c7-c889-460a-a79a-1364e6ec4d78",CENTRO DE CRIANZA ARNALDO TUPIZA,TOUR NAVEGABLE,"5c621ca9-0690-459e-ad15-07fea9e171e9"
"67b974c7-c889-460a-a79a-1364e6ec4d78",CENTRO DE CRIANZA ARNALDO TUPIZA,TOUR DE BUCEO NAVEGABLE,"0f3de551-3dff-47fc-b5f5-7a197f311055"
"67b974c7-c889-460a-a79a-1364e6ec4d78",CENTRO DE CRIANZA ARNALDO TUPIZA,TOUR DE PUERTO A PUERTO,dbbc063b-28fd-4730-b190-64484e821deb
"67b974c7-c889-460a-a79a-1364e6ec4d78",CENTRO DE CRIANZA ARNALDO TUPIZA,LIBRE,"043775e8-7f00-0010-7080-0000ab36c7a8"
e8502c0e-38ea-4a07-8e8b-57e3915b1ee6,CENTRO DE CRIANZA DE TORTUGAS TERRESTRES DAVID RODRÍGUEZ,TOUR NAVEGABLE,"5c621ca9-0690-459e-ad15-07fea9e171e9"
e8502c0e-38ea-4a07-8e8b-57e3915b1ee6,CENTRO DE CRIANZA DE TORTUGAS TERRESTRES DAVID RODRÍGUEZ,TOUR DE BUCEO NAVEGABLE,"0f3de551-3dff-47fc-b5f5-7a197f311055"
e8502c0e-38ea-4a07-8e8b-57e3915b1ee6,CENTRO DE CRIANZA DE TORTUGAS TERRESTRES DAVID RODRÍGUEZ,LIBRE,"043775e8-7f00-0010-7080-0000ab36c7a8"
ced31aa6-f7e7-4262-a13e-99e34a2d1a99,CENTRO DE CRIANZA FAUSTO LLERENA,TOUR NAVEGABLE,"5c621ca9-0690-459e-ad15-07fea9e171e9"
ced31aa6-f7e7-4262-a13e-99e34a2d1a99,CENTRO DE CRIANZA FAUSTO LLERENA,TOUR DIARIO DE BUCEO,"8c969b9e-d44a-456b-8b75-c4d63708c70c"
ced31aa6-f7e7-4262-a13e-99e34a2d1a99,CENTRO DE CRIANZA FAUSTO LLERENA,TOUR DE BUCEO NAVEGABLE,"0f3de551-3dff-47fc-b5f5-7a197f311055"
ced31aa6-f7e7-4262-a13e-99e34a2d1a99,CENTRO DE CRIANZA FAUSTO LLERENA,LIBRE,"043775e8-7f00-0010-7080-0000ab36c7a8"
"03167e19-0394-4e98-a0bb-7e3f34716bc9",CENTRO DE INTERPRETACIÓN AMBIENTAL GIANNI ARISMENDY,TOUR NAVEGABLE,"5c621ca9-0690-459e-ad15-07fea9e171e9"
"03167e19-0394-4e98-a0bb-7e3f34716bc9",CENTRO DE INTERPRETACIÓN AMBIENTAL GIANNI ARISMENDY,TOUR DE BUCEO NAVEGABLE,"0f3de551-3dff-47fc-b5f5-7a197f311055"
"03167e19-0394-4e98-a0bb-7e3f34716bc9",CENTRO DE INTERPRETACIÓN AMBIENTAL GIANNI ARISMENDY,LIBRE,"043775e8-7f00-0010-7080-0000ab36c7a8"
"350d3377-8016-4c0d-a535-dab86347a36f",CERRO ALLIERI,TOUR NAVEGABLE,"5c621ca9-0690-459e-ad15-07fea9e171e9"
"350d3377-8016-4c0d-a535-dab86347a36f",CERRO ALLIERI,LIBRE,"043775e8-7f00-0010-7080-0000ab36c7a8"
"33d0d675-328d-4f00-a266-64879f2a4742",PUNTA ALBERMARLE,TOUR DE BUCEO NAVEGABLE,"0f3de551-3dff-47fc-b5f5-7a197f311055"
"214e1f2c-743a-4e6f-9383-5706dd0cfd30",CERRO BRUJO,TOUR NAVEGABLE,"5c621ca9-0690-459e-ad15-07fea9e171e9"
"214e1f2c-743a-4e6f-9383-5706dd0cfd30",CERRO BRUJO,TOUR DE BUCEO NAVEGABLE,"0f3de551-3dff-47fc-b5f5-7a197f311055"
c88768dc-bb59-4453-93b5-85c25aa8b10e,CERRO GALLINA,PESCA VIVENCIAL,f20e957b-1a99-4bd2-91a5-2841c77f698b
f43323ce-a8e3-11e4-86e3-6c3be5ba6ec8,CERRO TIJERETAS,TOUR NAVEGABLE,"5c621ca9-0690-459e-ad15-07fea9e171e9"
f43323ce-a8e3-11e4-86e3-6c3be5ba6ec8,CERRO TIJERETAS,TOUR DIARIO DE BUCEO,"8c969b9e-d44a-456b-8b75-c4d63708c70c"
f43323ce-a8e3-11e4-86e3-6c3be5ba6ec8,CERRO TIJERETAS,TOUR DE BAHÍA,"391aa12e-501e-422a-a98b-03d1b6c7851d"
f43323ce-a8e3-11e4-86e3-6c3be5ba6ec8,CERRO TIJERETAS,LIBRE,"043775e8-7f00-0010-7080-0000ab36c7a8"
f43323ce-a8e3-11e4-86e3-6c3be5ba6ec8,CERRO TIJERETAS,INSTRUCCIÓN BUCEO,"04b78ec6-7f00-0010-3efb-0000468b7874"
"24bbd9e4-1bc2-42a5-8d57-f83e3a17a198",CIUDAD DE LAS MANTAS,TOUR DE BUCEO NAVEGABLE,"0f3de551-3dff-47fc-b5f5-7a197f311055"
f4333c06-a8e3-11e4-b9ac-6c3be5ba6ec8,CONCHA DE PERLA,LIBRE,"043775e8-7f00-0010-7080-0000ab36c7a8"
"2f8163b8-03f8-4704-954e-f85f5bf21fba",CORONA DEL DIABLO,TOUR NAVEGABLE,"5c621ca9-0690-459e-ad15-07fea9e171e9"
"2f8163b8-03f8-4704-954e-f85f5bf21fba",CORONA DEL DIABLO,TOUR DE BUCEO NAVEGABLE,"0f3de551-3dff-47fc-b5f5-7a197f311055"
"0a855053-7f00-0010-5895-000033d7030d",CUEVA BAHÍA NAUFRAGIO ,INSTRUCCIÓN BUCEO,"04b78ec6-7f00-0010-3efb-0000468b7874"
b16ecb4e-4f10-49b3-bb9a-23051565616c,CUEVA DE SUCRE,LIBRE,"043775e8-7f00-0010-7080-0000ab36c7a8"
ea7bb8b7-e3c7-4c73-9432-9c868b2002f1,DAPHNE MENOR,TOUR DIARIO DE BUCEO,"8c969b9e-d44a-456b-8b75-c4d63708c70c"
f4336fe6-a8e3-11e4-a1cb-6c3be5ba6ec8,EL ARCO,TOUR DE BUCEO NAVEGABLE,"0f3de551-3dff-47fc-b5f5-7a197f311055"
cc25f81b-0c54-4477-b15d-cba7908ac5ee,EL ARENAL,TOUR DE BUCEO NAVEGABLE,"0f3de551-3dff-47fc-b5f5-7a197f311055"
"0ff08cef-888b-45bf-9202-13d32830d924",EL BAJO,INSTRUCCIÓN BUCEO,"04b78ec6-7f00-0010-3efb-0000468b7874"
f4338134-a8e3-11e4-b9b2-6c3be5ba6ec8,EL BARRANCO ,TOUR NAVEGABLE,"5c621ca9-0690-459e-ad15-07fea9e171e9"
a4932cf3-0f87-4f59-8d5a-8fd2925d0c4b,EL BARRANCO - ISLA SANTA CRUZ,TOUR DE BUCEO NAVEGABLE,"0f3de551-3dff-47fc-b5f5-7a197f311055"
a4932cf3-0f87-4f59-8d5a-8fd2925d0c4b,EL BARRANCO - ISLA SANTA CRUZ,INSTRUCCIÓN BUCEO,"04b78ec6-7f00-0010-3efb-0000468b7874"
"91980c39-c131-4b41-8b9a-302ad8654134",EL CAÑÓN,LIBRE,"043775e8-7f00-0010-7080-0000ab36c7a8"
c12673ce-d9c6-4871-b092-af1d519f2227,EL CONDENSO,LIBRE,"043775e8-7f00-0010-7080-0000ab36c7a8"
f4339e58-a8e3-11e4-b466-6c3be5ba6ec8,EL DERRUMBE,TOUR DE BUCEO NAVEGABLE,"0f3de551-3dff-47fc-b5f5-7a197f311055"
"0427bf14-1573-11e5-b179-6c3be5ba6ec8",EL ESTERO,LIBRE,"043775e8-7f00-0010-7080-0000ab36c7a8"
d69f5ec3-2c25-4eb2-a2f2-c23a17f92518,EL JUNCO,LIBRE,"043775e8-7f00-0010-7080-0000ab36c7a8"
bdcc77f4-9173-4493-bdae-3fa9287a72c0,ISLOTE FIVE FINGERS,TOUR DIARIO DE BUCEO,"8c969b9e-d44a-456b-8b75-c4d63708c70c"
f4341176-a8e3-11e4-8952-6c3be5ba6ec8,GARRAPATERO,LIBRE,"043775e8-7f00-0010-7080-0000ab36c7a8"
ae4030af-978d-420a-844c-7ee2b8c917cc,GUY FAWKES SUR,TOUR DIARIO DE BUCEO,"8c969b9e-d44a-456b-8b75-c4d63708c70c"
f4342dbe-a8e3-11e4-9ef1-6c3be5ba6ec8,ISLA COWLEY,TOUR DE BUCEO NAVEGABLE,"0f3de551-3dff-47fc-b5f5-7a197f311055"
d9bde7b9-cb39-407e-a995-f5d5986eb7fc,ISLA EDÉN,TOUR NAVEGABLE,"5c621ca9-0690-459e-ad15-07fea9e171e9"
d9bde7b9-cb39-407e-a995-f5d5986eb7fc,ISLA EDÉN,TOUR DIARIO DE BUCEO,"8c969b9e-d44a-456b-8b75-c4d63708c70c"
d9bde7b9-cb39-407e-a995-f5d5986eb7fc,ISLA EDÉN,TOUR DE BUCEO NAVEGABLE,"0f3de551-3dff-47fc-b5f5-7a197f311055"
fc6904db-f594-4955-9e7c-a409c06e8bd3,ISLOTE ALBANY,TOUR DE BUCEO NAVEGABLE,"0f3de551-3dff-47fc-b5f5-7a197f311055"
f434abb8-a8e3-11e4-b69d-6c3be5ba6ec8,ISLOTE CALDWELL,TOUR DIARIO DE BUCEO,"8c969b9e-d44a-456b-8b75-c4d63708c70c"
"13e9c477-7ebe-4bd7-923c-5e51b87d4e35",ISLOTE CHAMPION,TOUR NAVEGABLE,"5c621ca9-0690-459e-ad15-07fea9e171e9"
"13e9c477-7ebe-4bd7-923c-5e51b87d4e35",ISLOTE CHAMPION,TOUR DIARIO DE BUCEO,"8c969b9e-d44a-456b-8b75-c4d63708c70c"
"13e9c477-7ebe-4bd7-923c-5e51b87d4e35",ISLOTE CHAMPION,TOUR DE BUCEO NAVEGABLE,"0f3de551-3dff-47fc-b5f5-7a197f311055"
"4164f5b0-6bdb-4a4c-93f7-3e1a9cd4da5d",ISLOTE CUATRO HERMANOS,PESCA VIVENCIAL,f20e957b-1a99-4bd2-91a5-2841c77f698b
"4164f5b0-6bdb-4a4c-93f7-3e1a9cd4da5d",ISLOTE CUATRO HERMANOS,TOUR DIARIO DE BUCEO,"8c969b9e-d44a-456b-8b75-c4d63708c70c"
"64aac576-8e9f-413a-acc8-1918104c43d5",ISLOTE ENDERBY,TOUR DIARIO DE BUCEO,"8c969b9e-d44a-456b-8b75-c4d63708c70c"
b83bbd83-74f8-4d31-92fe-c49356e68e42,ISLOTE GARDNER,TOUR DIARIO DE BUCEO,"8c969b9e-d44a-456b-8b75-c4d63708c70c"
f4358b5a-a8e3-11e4-9b35-6c3be5ba6ec8,ISLOTE LA VENTANA,TOUR DE BUCEO NAVEGABLE,"0f3de551-3dff-47fc-b5f5-7a197f311055"
"45b6aa3a-cdfe-4fdd-874a-1221fe68d180",ISLOTE OSBORN,TOUR NAVEGABLE,"5c621ca9-0690-459e-ad15-07fea9e171e9"
"4e8d23e7-108e-4b79-a104-352c1dd70e19",ISLOTE PUNTA PITT,TOUR NAVEGABLE,"5c621ca9-0690-459e-ad15-07fea9e171e9"
"4e8d23e7-108e-4b79-a104-352c1dd70e19",ISLOTE PUNTA PITT,TOUR DIARIO DE BUCEO,"8c969b9e-d44a-456b-8b75-c4d63708c70c"
f436275e-a8e3-11e4-a5e8-6c3be5ba6ec8,ISLOTE TORTUGA,PESCA VIVENCIAL,f20e957b-1a99-4bd2-91a5-2841c77f698b
f436275e-a8e3-11e4-a5e8-6c3be5ba6ec8,ISLOTE TORTUGA,TOUR DIARIO DE BUCEO,"8c969b9e-d44a-456b-8b75-c4d63708c70c"
"5cb01c34-b83a-41a9-a41a-b7cc52ea434a",ISLOTE TORTUGA OESTE,TOUR DIARIO DE BUCEO,"8c969b9e-d44a-456b-8b75-c4d63708c70c"
fbf11585-da5f-4df3-9992-6b2e780b359f,ISLOTE WATSON,TOUR DIARIO DE BUCEO,"8c969b9e-d44a-456b-8b75-c4d63708c70c"
"49552ae8-9794-4578-a8d4-1400bee6da4f",LA ANGELITA,LIBRE,"043775e8-7f00-0010-7080-0000ab36c7a8"
e4db98ac-99ea-4ea5-b167-281bf1d85f28,LA BANANA,TOUR DE BUCEO NAVEGABLE,"0f3de551-3dff-47fc-b5f5-7a197f311055"
"55002240-2f00-11e5-9aff-6c3be5ba6ec8",LA BOTELLA,TOUR DIARIO DE BUCEO,"8c969b9e-d44a-456b-8b75-c4d63708c70c"
f4366124-a8e3-11e4-ba11-6c3be5ba6ec8,LA BOTELLA,PESCA VIVENCIAL,f20e957b-1a99-4bd2-91a5-2841c77f698b
eb03c685-ceaf-4510-af55-091f7bcb3a53,LA ENCAÑADA,TOUR DIARIO DE BUCEO,"8c969b9e-d44a-456b-8b75-c4d63708c70c"
"37569234-2d79-4478-9c0c-125f7c88cfdb",LAGUNA DE LAS NINFAS,LIBRE,"043775e8-7f00-0010-7080-0000ab36c7a8"
"0a9404c4-7f00-0010-5895-0000234d4c5c",LA HORTENSIA,INSTRUCCIÓN BUCEO,"04b78ec6-7f00-0010-3efb-0000468b7874"
f4368f50-a8e3-11e4-8d8a-6c3be5ba6ec8,LA LOBERÍA,LIBRE,"043775e8-7f00-0010-7080-0000ab36c7a8"
f4369aa4-a8e3-11e4-b2ae-6c3be5ba6ec8,LA LOBERÍA - ISLA SAN CRISTÓBAL,LIBRE,"043775e8-7f00-0010-7080-0000ab36c7a8"
"09d3047b-fdac-4976-a675-58127cbb9f40",LA MISIONERA,LIBRE,"043775e8-7f00-0010-7080-0000ab36c7a8"
"09d3047b-fdac-4976-a675-58127cbb9f40",LA MISIONERA,COMUNIDAD,"03dcd9c1-7f00-0010-a1d9-00002e964ade"
b2807b24-f4fc-4098-aa3d-4b3d831172cb,LA PREDIAL,TOUR DIARIO DE BUCEO,"8c969b9e-d44a-456b-8b75-c4d63708c70c"
b2807b24-f4fc-4098-aa3d-4b3d831172cb,LA PREDIAL,INSTRUCCIÓN BUCEO,"04b78ec6-7f00-0010-3efb-0000468b7874"
"928a78b1-47f7-4692-bc70-1cf48ee2b1f0",LA RATONERA,LIBRE,"043775e8-7f00-0010-7080-0000ab36c7a8"
f436cf6a-a8e3-11e4-bdfb-6c3be5ba6ec8,LAS GRIETAS,TOUR DE BAHÍA,"391aa12e-501e-422a-a98b-03d1b6c7851d"
f436cf6a-a8e3-11e4-bdfb-6c3be5ba6ec8,LAS GRIETAS,LIBRE,"043775e8-7f00-0010-7080-0000ab36c7a8"
bc633b68-8a51-443a-b1ba-0837f4e02f3f,LA VIUDA,TOUR DIARIO DE BUCEO,"8c969b9e-d44a-456b-8b75-c4d63708c70c"
"4cb3ffc4-f923-4b4f-84fe-b7a95dd52a8a",LOBERÍA GRANDE II,INSTRUCCIÓN BUCEO,"04b78ec6-7f00-0010-3efb-0000468b7874"
eee84d70-a675-4228-8ffd-5d87fc8caace,LOLO SURF,LIBRE,"043775e8-7f00-0010-7080-0000ab36c7a8"
"1be29e9a-5fa8-4772-aa23-11cc18f9bf10",LOS CRÁTERES,LIBRE,"043775e8-7f00-0010-7080-0000ab36c7a8"
f436fd8c-a8e3-11e4-b33c-6c3be5ba6ec8,LOS GEMELOS,TOUR NAVEGABLE,"5c621ca9-0690-459e-ad15-07fea9e171e9"
f436fd8c-a8e3-11e4-b33c-6c3be5ba6ec8,LOS GEMELOS,TOUR DIARIO DE BUCEO,"8c969b9e-d44a-456b-8b75-c4d63708c70c"
f436fd8c-a8e3-11e4-b33c-6c3be5ba6ec8,LOS GEMELOS,TOUR DE BUCEO NAVEGABLE,"0f3de551-3dff-47fc-b5f5-7a197f311055"
f436fd8c-a8e3-11e4-b33c-6c3be5ba6ec8,LOS GEMELOS,LIBRE,"043775e8-7f00-0010-7080-0000ab36c7a8"
af28ed6a-1fe4-4005-be5e-fc69734b3769,LOS TÚNELES,PESCA VIVENCIAL,f20e957b-1a99-4bd2-91a5-2841c77f698b
f438881e-a8e3-11e4-8749-6c3be5ba6ec8,LUZ DEL DIA,LIBRE,"043775e8-7f00-0010-7080-0000ab36c7a8"
"30badeca-a297-4049-9098-cf0aebb85116",MANGLECITO,LIBRE,"043775e8-7f00-0010-7080-0000ab36c7a8"
f43731c6-a8e3-11e4-81cc-6c3be5ba6ec8,MINAS DE AZUFRE,TOUR NAVEGABLE,"5c621ca9-0690-459e-ad15-07fea9e171e9"
f43731c6-a8e3-11e4-81cc-6c3be5ba6ec8,MINAS DE AZUFRE,LIBRE,"043775e8-7f00-0010-7080-0000ab36c7a8"
"0eaef95f-bb4e-478c-b13a-444d9174b3fc",MINAS DE SAL,TOUR NAVEGABLE,"5c621ca9-0690-459e-ad15-07fea9e171e9"
"299fe007-2a39-495c-8208-a94a41f36224",PUNTA ARGERMEYER,LIBRE,"043775e8-7f00-0010-7080-0000ab36c7a8"
f43748fa-a8e3-11e4-a630-6c3be5ba6ec8,MIRADOR DEL MANGO,LIBRE,"043775e8-7f00-0010-7080-0000ab36c7a8"
f433c0d6-a8e3-11e4-ba2f-6c3be5ba6ec8,MIRADOR DE LOS TÚNELES,LIBRE,"043775e8-7f00-0010-7080-0000ab36c7a8"
"0ed8c0ef-7f00-0010-89c3-00008a01a90a",MOSQUERA NORTE,TOUR NAVEGABLE,"5c621ca9-0690-459e-ad15-07fea9e171e9"
"0ed8c0ef-7f00-0010-89c3-00008a01a90a",MOSQUERA NORTE,TOUR DIARIO DE BUCEO,"8c969b9e-d44a-456b-8b75-c4d63708c70c"
"0ed8c0ef-7f00-0010-89c3-00008a01a90a",MOSQUERA NORTE,TOUR DE BUCEO NAVEGABLE,"0f3de551-3dff-47fc-b5f5-7a197f311055"
"0ed8c0ef-7f00-0010-89c3-00008a01a90a",MOSQUERA NORTE,TOUR DIARIO,"44bb5ac2-a860-4001-82de-92420a0fe7f8"
"0ed90edb-7f00-0010-89c3-00008d9bfb9f",MOSQUERA SUR,TOUR NAVEGABLE,"5c621ca9-0690-459e-ad15-07fea9e171e9"
"0ed90edb-7f00-0010-89c3-00008d9bfb9f",MOSQUERA SUR,TOUR DIARIO DE BUCEO,"8c969b9e-d44a-456b-8b75-c4d63708c70c"
"0ed90edb-7f00-0010-89c3-00008d9bfb9f",MOSQUERA SUR,TOUR DE BUCEO NAVEGABLE,"0f3de551-3dff-47fc-b5f5-7a197f311055"
"0ed90edb-7f00-0010-89c3-00008d9bfb9f",MOSQUERA SUR,TOUR DIARIO,"44bb5ac2-a860-4001-82de-92420a0fe7f8"
b3955735-58a6-47f0-869c-40387a379825,MURO DE LAS LÁGRIMAS,TOUR NAVEGABLE,"5c621ca9-0690-459e-ad15-07fea9e171e9"
b3955735-58a6-47f0-869c-40387a379825,MURO DE LAS LÁGRIMAS,LIBRE,"043775e8-7f00-0010-7080-0000ab36c7a8"
"3af66e4c-c7de-4b06-8c75-12ee315c86a2",PARED TIJERETAS,INSTRUCCIÓN BUCEO,"04b78ec6-7f00-0010-3efb-0000468b7874"
b5a4343a-160d-11e5-80ee-6c3be5ba6ec8,PIEDRA AHOGADA,PESCA VIVENCIAL,f20e957b-1a99-4bd2-91a5-2841c77f698b
"017e89a8-7f00-0010-5895-0000bbbbaa04",PISCINA NATURAL,TOUR DIARIO DE BUCEO,"8c969b9e-d44a-456b-8b75-c4d63708c70c"
"5370ee82-9c29-4a7c-a2bd-195249911b27",PLAYA BAQUERIZO,LIBRE,"043775e8-7f00-0010-7080-0000ab36c7a8"
d7379bb6-faa0-4d4b-bcd4-29b9c71a14ab,PLAYA DE LOS PERROS,TOUR DE BAHÍA,"391aa12e-501e-422a-a98b-03d1b6c7851d"
b84329fe-3097-11e5-afe0-6c3be5ba6ec8,PLAYA ESCONDIDA,PESCA VIVENCIAL,f20e957b-1a99-4bd2-91a5-2841c77f698b
"241242c3-f6ac-4322-a2e4-cc4d3eba79a4",PLAYA ESPUMILLA,TOUR NAVEGABLE,"5c621ca9-0690-459e-ad15-07fea9e171e9"
"241242c3-f6ac-4322-a2e4-cc4d3eba79a4",PLAYA ESPUMILLA,TOUR DE BUCEO NAVEGABLE,"0f3de551-3dff-47fc-b5f5-7a197f311055"
"6ea66483-f264-41ea-89bf-046726700138",PLAYA GRANDE,LIBRE,"043775e8-7f00-0010-7080-0000ab36c7a8"
"4e68cc28-132c-49f2-8460-034df60fc43c",PLAYA LAS BACHAS,TOUR NAVEGABLE,"5c621ca9-0690-459e-ad15-07fea9e171e9"
"4e68cc28-132c-49f2-8460-034df60fc43c",PLAYA LAS BACHAS,TOUR DE BUCEO NAVEGABLE,"0f3de551-3dff-47fc-b5f5-7a197f311055"
"4e68cc28-132c-49f2-8460-034df60fc43c",PLAYA LAS BACHAS,TOUR DIARIO,"44bb5ac2-a860-4001-82de-92420a0fe7f8"
"795f77d1-85ee-4c63-9997-c856bd98dc6e",PLAYA OCHOA,TOUR DE BAHÍA,"391aa12e-501e-422a-a98b-03d1b6c7851d"
"795f77d1-85ee-4c63-9997-c856bd98dc6e",PLAYA OCHOA,LIBRE,"043775e8-7f00-0010-7080-0000ab36c7a8"
f712ca8c-19c2-4c0c-989d-cb75a6a85ecd,PLAZA NORTE,TOUR DIARIO DE BUCEO,"8c969b9e-d44a-456b-8b75-c4d63708c70c"
f439208a-a8e3-11e4-abbc-6c3be5ba6ec8,PUERTO CHINO,LIBRE,"043775e8-7f00-0010-7080-0000ab36c7a8"
"50f9b4f5-e5a6-4f14-85f2-d729e8c91f18",PUERTO COCA,TOUR DE BUCEO NAVEGABLE,"0f3de551-3dff-47fc-b5f5-7a197f311055"
f4392c10-a8e3-11e4-b954-6c3be5ba6ec8,PUERTO GRANDE,PESCA VIVENCIAL,f20e957b-1a99-4bd2-91a5-2841c77f698b
f4392c10-a8e3-11e4-b954-6c3be5ba6ec8,PUERTO GRANDE,TOUR DIARIO DE BUCEO,"8c969b9e-d44a-456b-8b75-c4d63708c70c"
f4392c10-a8e3-11e4-b954-6c3be5ba6ec8,PUERTO GRANDE,LIBRE,"043775e8-7f00-0010-7080-0000ab36c7a8"
"06d45c12-6507-4358-ac07-7e09219eeccd",PUNTA CAROLA,LIBRE,"043775e8-7f00-0010-7080-0000ab36c7a8"
f4394efc-a8e3-11e4-be0c-6c3be5ba6ec8,PUNTA CARRIÓN,TOUR NAVEGABLE,"5c621ca9-0690-459e-ad15-07fea9e171e9"
f4394efc-a8e3-11e4-be0c-6c3be5ba6ec8,PUNTA CARRIÓN,TOUR DE BUCEO NAVEGABLE,"0f3de551-3dff-47fc-b5f5-7a197f311055"
f4394efc-a8e3-11e4-be0c-6c3be5ba6ec8,PUNTA CARRIÓN,TOUR DIARIO,"44bb5ac2-a860-4001-82de-92420a0fe7f8"
"27a9b38c-6e72-448d-a3fe-fa5e36736a89",PUNTA CARRIÓN EXTERIOR,TOUR DIARIO DE BUCEO,"8c969b9e-d44a-456b-8b75-c4d63708c70c"
"85cad35c-e63d-4ff1-9784-6fdd5bafb64e",PUNTA DEL MIEDO,TOUR DIARIO DE BUCEO,"8c969b9e-d44a-456b-8b75-c4d63708c70c"
"0a90d1b7-7f00-0010-5895-000042651284",PUNTA ESTE LOBERIA GRANDE,INSTRUCCIÓN BUCEO,"04b78ec6-7f00-0010-3efb-0000468b7874"
"819469d3-c35f-4bed-8a92-cead74b23c67",PUNTA ESTRADA,TOUR DIARIO DE BUCEO,"8c969b9e-d44a-456b-8b75-c4d63708c70c"
"819469d3-c35f-4bed-8a92-cead74b23c67",PUNTA ESTRADA,TOUR DE BAHÍA,"391aa12e-501e-422a-a98b-03d1b6c7851d"
"819469d3-c35f-4bed-8a92-cead74b23c67",PUNTA ESTRADA,INSTRUCCIÓN BUCEO,"04b78ec6-7f00-0010-3efb-0000468b7874"
e17b31dd-e8ed-498f-976c-90bca228099d,PUNTA MEJÍA,TOUR DE BUCEO NAVEGABLE,"0f3de551-3dff-47fc-b5f5-7a197f311055"
f438a4fc-a8e3-11e4-b961-6c3be5ba6ec8,PUNTA MONTALVO,TOUR DE BUCEO NAVEGABLE,"0f3de551-3dff-47fc-b5f5-7a197f311055"
"9c731f45-1987-4174-a84d-7cb8ad9115d4",PUNTA MORENO,TOUR NAVEGABLE,"5c621ca9-0690-459e-ad15-07fea9e171e9"
"9c731f45-1987-4174-a84d-7cb8ad9115d4",PUNTA MORENO,TOUR DE BUCEO NAVEGABLE,"0f3de551-3dff-47fc-b5f5-7a197f311055"
"86209040-988d-4b00-9b87-c28eb8be6b2e",PUNTA NERUS,TOUR DE BUCEO NAVEGABLE,"0f3de551-3dff-47fc-b5f5-7a197f311055"
"9114a61f-f80f-47a4-bb13-3017e98b45b1",PUNTA SHARK BAY,TOUR DE BUCEO NAVEGABLE,"0f3de551-3dff-47fc-b5f5-7a197f311055"
e63dd025-b2f5-47bc-9dcc-797a2af29495,PUNTA TORTUGA NEGRA,TOUR NAVEGABLE,"5c621ca9-0690-459e-ad15-07fea9e171e9"
"8353949e-18bb-45ee-a3aa-8d0f77c7dbf5",PUNTA VICENTE ROCA,TOUR NAVEGABLE,"5c621ca9-0690-459e-ad15-07fea9e171e9"
"8353949e-18bb-45ee-a3aa-8d0f77c7dbf5",PUNTA VICENTE ROCA,TOUR DE BUCEO NAVEGABLE,"0f3de551-3dff-47fc-b5f5-7a197f311055"
eb5415d2-ce28-4697-8268-19a5c3e9b65a,PUNTUDO CERRO CROCKER,LIBRE,"043775e8-7f00-0010-7080-0000ab36c7a8"
e7d1d3f6-9578-41a7-8176-fb837d587cf9,RÁBIDA,TOUR NAVEGABLE,"5c621ca9-0690-459e-ad15-07fea9e171e9"
e7d1d3f6-9578-41a7-8176-fb837d587cf9,RÁBIDA,TOUR DE BUCEO NAVEGABLE,"0f3de551-3dff-47fc-b5f5-7a197f311055"
f439ca9e-a8e3-11e4-b345-6c3be5ba6ec8,RESERVA EL CHATO,TOUR NAVEGABLE,"5c621ca9-0690-459e-ad15-07fea9e171e9"
f439ca9e-a8e3-11e4-b345-6c3be5ba6ec8,RESERVA EL CHATO,TOUR DE BUCEO NAVEGABLE,"0f3de551-3dff-47fc-b5f5-7a197f311055"
f439ca9e-a8e3-11e4-b345-6c3be5ba6ec8,RESERVA EL CHATO,LIBRE,"043775e8-7f00-0010-7080-0000ab36c7a8"
c8ef969a-ebc7-44f3-8aed-a26b74d698d6,ROCA BALLENA,TOUR DIARIO DE BUCEO,"8c969b9e-d44a-456b-8b75-c4d63708c70c"
"066de9da-00a2-4170-a272-46af17805ef3",ROCA BLANCA,TOUR DE BUCEO NAVEGABLE,"0f3de551-3dff-47fc-b5f5-7a197f311055"
be301b4f-6256-4c3a-ad8b-12171c50c20d,ROCA COUSIN,TOUR DIARIO DE BUCEO,"8c969b9e-d44a-456b-8b75-c4d63708c70c"
be301b4f-6256-4c3a-ad8b-12171c50c20d,ROCA COUSIN,TOUR DE BUCEO NAVEGABLE,"0f3de551-3dff-47fc-b5f5-7a197f311055"
aa8ab722-6ce6-460e-906a-cdfd41e41d64,ROCA FELIPE,TOUR DIARIO DE BUCEO,"8c969b9e-d44a-456b-8b75-c4d63708c70c"
cbb52b73-9a69-4345-a648-f5e4d7da16b5,ROCAS BAINBRIDGE,TOUR DIARIO DE BUCEO,"8c969b9e-d44a-456b-8b75-c4d63708c70c"
cbb52b73-9a69-4345-a648-f5e4d7da16b5,ROCAS BAINBRIDGE,TOUR DE BUCEO NAVEGABLE,"0f3de551-3dff-47fc-b5f5-7a197f311055"
"53b675bb-2e13-4015-a501-623ce078042c",ROCAS BEAGLE,TOUR DIARIO DE BUCEO,"8c969b9e-d44a-456b-8b75-c4d63708c70c"
dc6f658e-ff6e-41c0-b799-1e44e59dbba0,ROCAS GORDON,TOUR DIARIO DE BUCEO,"8c969b9e-d44a-456b-8b75-c4d63708c70c"
"5f0d5004-fa42-4945-9de1-356c18fd673c",SANTA FE/FONDEADERO,PESCA VIVENCIAL,f20e957b-1a99-4bd2-91a5-2841c77f698b
"5f0d5004-fa42-4945-9de1-356c18fd673c",SANTA FE/FONDEADERO,TOUR NAVEGABLE,"5c621ca9-0690-459e-ad15-07fea9e171e9"
"5f0d5004-fa42-4945-9de1-356c18fd673c",SANTA FE/FONDEADERO,TOUR DIARIO DE BUCEO,"8c969b9e-d44a-456b-8b75-c4d63708c70c"
"5f0d5004-fa42-4945-9de1-356c18fd673c",SANTA FE/FONDEADERO,TOUR DE BUCEO NAVEGABLE,"0f3de551-3dff-47fc-b5f5-7a197f311055"
"5f0d5004-fa42-4945-9de1-356c18fd673c",SANTA FE/FONDEADERO,TOUR DIARIO,"44bb5ac2-a860-4001-82de-92420a0fe7f8"
c28ab0f9-a886-4a82-9d24-15229cb0dad2,SENDERO LOS PULPOS,LIBRE,"043775e8-7f00-0010-7080-0000ab36c7a8"
"8ce351bd-300c-4ce8-8b70-cfa266dbbd5f",SEYMOUR NORTE,TOUR NAVEGABLE,"5c621ca9-0690-459e-ad15-07fea9e171e9"
"8ce351bd-300c-4ce8-8b70-cfa266dbbd5f",SEYMOUR NORTE,TOUR DE BUCEO NAVEGABLE,"0f3de551-3dff-47fc-b5f5-7a197f311055"
"8ce351bd-300c-4ce8-8b70-cfa266dbbd5f",SEYMOUR NORTE,TOUR DIARIO,"44bb5ac2-a860-4001-82de-92420a0fe7f8"
f6bd998d-8ce2-4496-8623-09e53b208303,SOMBRERO CHINO,TOUR NAVEGABLE,"5c621ca9-0690-459e-ad15-07fea9e171e9"
f6bd998d-8ce2-4496-8623-09e53b208303,SOMBRERO CHINO,TOUR DE BUCEO NAVEGABLE,"0f3de551-3dff-47fc-b5f5-7a197f311055"
f6bd998d-8ce2-4496-8623-09e53b208303,SOMBRERO CHINO,TOUR DIARIO,"44bb5ac2-a860-4001-82de-92420a0fe7f8"
ec310325-cc3c-45fa-b82c-0c33bbb1415d,ROCA SIN NOMBRE,TOUR DIARIO DE BUCEO,"8c969b9e-d44a-456b-8b75-c4d63708c70c"
"728f089b-6267-4a91-947a-03e436a5ea1b",SEYMOUR CANAL,TOUR DIARIO DE BUCEO,"8c969b9e-d44a-456b-8b75-c4d63708c70c"
"9cf86800-858f-483a-bfee-a88142feeff3",SEYMOUR NE,TOUR DIARIO DE BUCEO,"8c969b9e-d44a-456b-8b75-c4d63708c70c"
"5614f462-160f-11e5-80ee-6c3be5ba6ec8",TONGO REEF,LIBRE,"043775e8-7f00-0010-7080-0000ab36c7a8"
"18e57ba6-cfc7-4574-9966-dcf4269e5f7f",VOLCÁN SIERRA NEGRA/VOLCÁN CHICO,TOUR NAVEGABLE,"5c621ca9-0690-459e-ad15-07fea9e171e9"
"18e57ba6-cfc7-4574-9966-dcf4269e5f7f",VOLCÁN SIERRA NEGRA/VOLCÁN CHICO,LIBRE,"043775e8-7f00-0010-7080-0000ab36c7a8"
"324b60a4-47b4-48fa-8135-371578784f8e",CASA DE LA BARONESA,COMUNIDAD,"03dcd9c1-7f00-0010-a1d9-00002e964ade"
"889bb4e3-9c1b-49ab-8048-68fd46c4cdab",BAHÍA SULLIVAN,TOUR NAVEGABLE,"5c621ca9-0690-459e-ad15-07fea9e171e9"
"889bb4e3-9c1b-49ab-8048-68fd46c4cdab",BAHÍA SULLIVAN,TOUR DE BUCEO NAVEGABLE,"0f3de551-3dff-47fc-b5f5-7a197f311055"
"889bb4e3-9c1b-49ab-8048-68fd46c4cdab",BAHÍA SULLIVAN,TOUR DIARIO,"44bb5ac2-a860-4001-82de-92420a0fe7f8"
"0ecc9673-7f00-0010-89c3-00009792fc87",PLAYA EDEN,LIBRE,"043775e8-7f00-0010-7080-0000ab36c7a8"
f436d53c-a8e3-11e4-bb7b-6c3be5ba6ec8,LAS PALMITAS,PESCA VIVENCIAL,f20e957b-1a99-4bd2-91a5-2841c77f698b
f4368992-a8e3-11e4-bc77-6c3be5ba6ec8,LA FE,PESCA VIVENCIAL,f20e957b-1a99-4bd2-91a5-2841c77f698b
"43725ab0-c59d-423e-9b1b-b22d1db97fb6",BAHÍA PINGUINO,PESCA VIVENCIAL,f20e957b-1a99-4bd2-91a5-2841c77f698b
"2cc91f09-5e7a-4689-ba29-173bad865ee6",ISLOTE DUMB,TOUR DIARIO DE BUCEO,"8c969b9e-d44a-456b-8b75-c4d63708c70c"
"2cc91f09-5e7a-4689-ba29-173bad865ee6",ISLOTE DUMB,TOUR DE BUCEO NAVEGABLE,"0f3de551-3dff-47fc-b5f5-7a197f311055"
e7fbeb24-686b-41c0-9411-9bc567e7d29e,DAPHNE MAYOR,PESCA VIVENCIAL,f20e957b-1a99-4bd2-91a5-2841c77f698b
e7fbeb24-686b-41c0-9411-9bc567e7d29e,DAPHNE MAYOR,TOUR NAVEGABLE,"5c621ca9-0690-459e-ad15-07fea9e171e9"
e7fbeb24-686b-41c0-9411-9bc567e7d29e,DAPHNE MAYOR,TOUR DE BUCEO NAVEGABLE,"0f3de551-3dff-47fc-b5f5-7a197f311055"
"06767127-7f00-0010-2fd3-000099ea2a4b",LAS CUEVAS,PESCA VIVENCIAL,f20e957b-1a99-4bd2-91a5-2841c77f698b
f4398322-a8e3-11e4-a376-6c3be5ba6ec8,PUNTA PITT,TOUR NAVEGABLE,"5c621ca9-0690-459e-ad15-07fea9e171e9"
f4398322-a8e3-11e4-a376-6c3be5ba6ec8,PUNTA PITT,TOUR DIARIO DE BUCEO,"8c969b9e-d44a-456b-8b75-c4d63708c70c"
f4398322-a8e3-11e4-a376-6c3be5ba6ec8,PUNTA PITT,TOUR DE BUCEO NAVEGABLE,"0f3de551-3dff-47fc-b5f5-7a197f311055"
"06885e6f-7f00-0010-2fd3-0000b60bf137",PUNTA CEVALLOS,PESCA VIVENCIAL,f20e957b-1a99-4bd2-91a5-2841c77f698b
"0692bbfc-7f00-0010-2fd3-0000173cc7a2",MANZANILLO,PESCA VIVENCIAL,f20e957b-1a99-4bd2-91a5-2841c77f698b
"0695bf21-7f00-0010-a1d9-0000d0f4f6ab",PLAYA NORTE CERRO BRUJO,PESCA VIVENCIAL,f20e957b-1a99-4bd2-91a5-2841c77f698b
f4364f9a-a8e3-11e4-936b-6c3be5ba6ec8,JARDÍN DE LAS OPUNTIAS,LIBRE,"043775e8-7f00-0010-7080-0000ab36c7a8"
fefcbf16-d7c4-44c5-9c16-388aa35083c9,EL FINADO,PESCA VIVENCIAL,f20e957b-1a99-4bd2-91a5-2841c77f698b
"0a9108c7-7f00-0010-2fd3-00006346b6b4",LOBERÍA GRANDE,TOUR DE BAHÍA,"391aa12e-501e-422a-a98b-03d1b6c7851d"
f43225e6-a8e3-11e4-8569-6c3be5ba6ec8,CALERA,TOUR DE BAHÍA,"391aa12e-501e-422a-a98b-03d1b6c7851d"
"51d661c0-573b-453b-94e8-7d09dc4b0321",LA LOBERÍA - ISLA ISABELA,INSTRUCCIÓN BUCEO,"04b78ec6-7f00-0010-3efb-0000468b7874"
eba808dc-15f3-11e5-860a-6c3be5ba6ec8,LOBERÍA CHICA,INSTRUCCIÓN BUCEO,"04b78ec6-7f00-0010-3efb-0000468b7874"
eba808dc-15f3-11e5-860a-6c3be5ba6ec8,LOBERÍA CHICA,TOUR DE BAHÍA,"391aa12e-501e-422a-a98b-03d1b6c7851d"
"0cf6ce71-7f00-0010-a74e-0000b80d1e93",PALMAS GRANDES,COMUNIDAD,"03dcd9c1-7f00-0010-a1d9-00002e964ade"
"0cf6ce71-7f00-0010-a74e-0000b80d1e93",PALMAS GRANDES,TOUR DIARIO DE BUCEO,"8c969b9e-d44a-456b-8b75-c4d63708c70c"
"9d235d78-14ef-4804-82f9-03c511bc113a",PUNTA PUCUNA,PESCA VIVENCIAL,f20e957b-1a99-4bd2-91a5-2841c77f698b
f430dfc4-a8e3-11e4-8bad-6c3be5ba6ec8,BAHÍA ROSA BLANCA,PESCA VIVENCIAL,f20e957b-1a99-4bd2-91a5-2841c77f698b
d932433f-4bca-4e8e-8869-901e94dce903,LEÓN DORMIDO,PESCA VIVENCIAL,f20e957b-1a99-4bd2-91a5-2841c77f698b
d932433f-4bca-4e8e-8869-901e94dce903,LEÓN DORMIDO,TOUR NAVEGABLE,"5c621ca9-0690-459e-ad15-07fea9e171e9"
d932433f-4bca-4e8e-8869-901e94dce903,LEÓN DORMIDO,TOUR DIARIO DE BUCEO,"8c969b9e-d44a-456b-8b75-c4d63708c70c"
d932433f-4bca-4e8e-8869-901e94dce903,LEÓN DORMIDO,TOUR DE BUCEO NAVEGABLE,"0f3de551-3dff-47fc-b5f5-7a197f311055"
"0ee1f49f-7f00-0010-89c3-000067347878",PLAYA NORTE CERRO BRUJO,PESCA VIVENCIAL,f20e957b-1a99-4bd2-91a5-2841c77f698b
f43abc6a-a8e3-11e4-af3c-6c3be5ba6ec8,TORTUGA BAY,LIBRE,"043775e8-7f00-0010-7080-0000ab36c7a8"
f43abc6a-a8e3-11e4-af3c-6c3be5ba6ec8,TORTUGA BAY,COMUNIDAD,"03dcd9c1-7f00-0010-a1d9-00002e964ade"
"0688ab23-7f00-0010-0820-000099318f94",SENDERO IGUANA,TOUR DIARIO,"44bb5ac2-a860-4001-82de-92420a0fe7f8"
"0688ab23-7f00-0010-0820-000099318f94",SENDERO IGUANA,TOUR NAVEGABLE,"5c621ca9-0690-459e-ad15-07fea9e171e9"
f4374328-a8e3-11e4-87ac-6c3be5ba6ec8,MIRADOR DE LA BARONESA,TOUR NAVEGABLE,"5c621ca9-0690-459e-ad15-07fea9e171e9"
f4374328-a8e3-11e4-87ac-6c3be5ba6ec8,MIRADOR DE LA BARONESA,TOUR DE BUCEO NAVEGABLE,"0f3de551-3dff-47fc-b5f5-7a197f311055"
f4374328-a8e3-11e4-87ac-6c3be5ba6ec8,MIRADOR DE LA BARONESA,COMUNIDAD,"03dcd9c1-7f00-0010-a1d9-00002e964ade"
"069a4303-7f00-0010-2fd3-000035981d65",ROCA TORTUGA,PESCA VIVENCIAL,f20e957b-1a99-4bd2-91a5-2841c77f698b
ce97bd80-bc4a-4eaf-b817-1ad7420b0a5c,ISLOTE MOSQUERA,TOUR NAVEGABLE,"5c621ca9-0690-459e-ad15-07fea9e171e9"
ce97bd80-bc4a-4eaf-b817-1ad7420b0a5c,ISLOTE MOSQUERA,TOUR DIARIO DE BUCEO,"8c969b9e-d44a-456b-8b75-c4d63708c70c"
ce97bd80-bc4a-4eaf-b817-1ad7420b0a5c,ISLOTE MOSQUERA,TOUR DE BUCEO NAVEGABLE,"0f3de551-3dff-47fc-b5f5-7a197f311055"
ce97bd80-bc4a-4eaf-b817-1ad7420b0a5c,ISLOTE MOSQUERA,TOUR DIARIO,"44bb5ac2-a860-4001-82de-92420a0fe7f8"
"6de11aec-160c-11e5-80ee-6c3be5ba6ec8",LA TORTUGA,TOUR DIARIO DE BUCEO,"8c969b9e-d44a-456b-8b75-c4d63708c70c"
"3c4df120-14af-11e5-850a-6c3be5ba6ec8",RUTA EL EMBARCADERO,KAYAK,"0fe814e5-7f00-0010-3efb-000095a58c8d"
"053a64ce-7f00-0010-8ab6-0000ec06de3d",RUTA POZA DE LAS DIABLAS,KAYAK,"0fe814e5-7f00-0010-3efb-000095a58c8d"
"0983f046-7f00-0010-3efb-00006f2a2c42",RUTA PUNTA ESTRADA,KAYAK,"0fe814e5-7f00-0010-3efb-000095a58c8d"
"0987df61-7f00-0010-3efb-0000b7b87e4a",RUTA MUELLE MUNICIPAL,KAYAK,"0fe814e5-7f00-0010-3efb-000095a58c8d"
"0990a752-7f00-0010-3efb-0000ca7b5ad6",RUTA TORTUGA BAY,KAYAK,"0fe814e5-7f00-0010-3efb-000095a58c8d"
"09927eda-7f00-0010-3efb-00001ba27734",RUTA PLAYA EL GARRAPATERO,LIBRE,"043775e8-7f00-0010-7080-0000ab36c7a8"
"09927eda-7f00-0010-3efb-00001ba27734",RUTA PLAYA EL GARRAPATERO,KAYAK,"0fe814e5-7f00-0010-3efb-000095a58c8d"
"0994fa52-7f00-0010-3efb-000060f0529a",RUTA CANAL DE ITABACA-ZONA ESTE,KAYAK,"0fe814e5-7f00-0010-3efb-000095a58c8d"
"08db12e3-7f00-0010-b04c-00001d6d7023",RUTA CANAL DE ITABACA ZONA OESTE,KAYAK,"0fe814e5-7f00-0010-3efb-000095a58c8d"
"08d71182-7f00-0010-b04c-000080ea0386",RUTA PLAYA LA ESTACIÓN ,KAYAK,"0fe814e5-7f00-0010-3efb-000095a58c8d"
"097fb91e-7f00-0010-3efb-0000bdc8bc47",RUTA PLAYA OCHOA,KAYAK,"0fe814e5-7f00-0010-3efb-000095a58c8d"
"097c400b-7f00-0010-3efb-0000eb259380",RUTA MANGLECITO,KAYAK,"0fe814e5-7f00-0010-3efb-000095a58c8d"
"0971f5aa-7f00-0010-3efb-0000a4f101bb",RUTA PUERTO GRANDE,KAYAK,"0fe814e5-7f00-0010-3efb-000095a58c8d"
"16357c10-3093-11e5-afe0-6c3be5ba6ec8",PUNTA MANGLE,TOUR NAVEGABLE,"5c621ca9-0690-459e-ad15-07fea9e171e9"
f4383c9c-a8e3-11e4-947a-6c3be5ba6ec8,PUNTA CORMORANT ,TOUR NAVEGABLE,"5c621ca9-0690-459e-ad15-07fea9e171e9"
f4383c9c-a8e3-11e4-947a-6c3be5ba6ec8,PUNTA CORMORANT ,TOUR DIARIO DE BUCEO,"8c969b9e-d44a-456b-8b75-c4d63708c70c"
f4383c9c-a8e3-11e4-947a-6c3be5ba6ec8,PUNTA CORMORANT ,TOUR DE BUCEO NAVEGABLE,"0f3de551-3dff-47fc-b5f5-7a197f311055"
f43039c0-a8e3-11e4-94b8-6c3be5ba6ec8,BAHÍA BORRERO,PESCA VIVENCIAL,f20e957b-1a99-4bd2-91a5-2841c77f698b
f4385f56-a8e3-11e4-b8c3-6c3be5ba6ec8,PUNTA ESPINOZA,TOUR NAVEGABLE,"5c621ca9-0690-459e-ad15-07fea9e171e9"
f4385f56-a8e3-11e4-b8c3-6c3be5ba6ec8,PUNTA ESPINOZA,TOUR DE BUCEO NAVEGABLE,"0f3de551-3dff-47fc-b5f5-7a197f311055"
"38aa7673-863f-496d-b450-a13bfb55b00e",TINTORERAS,TOUR NAVEGABLE,"5c621ca9-0690-459e-ad15-07fea9e171e9"
"38aa7673-863f-496d-b450-a13bfb55b00e",TINTORERAS,TOUR DIARIO DE BUCEO,"8c969b9e-d44a-456b-8b75-c4d63708c70c"
"38aa7673-863f-496d-b450-a13bfb55b00e",TINTORERAS,TOUR DE BAHÍA,"391aa12e-501e-422a-a98b-03d1b6c7851d"
"38aa7673-863f-496d-b450-a13bfb55b00e",TINTORERAS,LIBRE,"043775e8-7f00-0010-7080-0000ab36c7a8"
"0135c558-7f00-0010-e895-0000eab76ec8",PLAYA INN,TOUR DIARIO DE BUCEO,"8c969b9e-d44a-456b-8b75-c4d63708c70c"
"05e0806f-7f00-0010-e895-000032af5df8",PUNTA SARDINA,LIBRE,"043775e8-7f00-0010-7080-0000ab36c7a8"
"05e0806f-7f00-0010-e895-000032af5df8",PUNTA SARDINA,PESCA VIVENCIAL,f20e957b-1a99-4bd2-91a5-2841c77f698b
"05e0806f-7f00-0010-e895-000032af5df8",PUNTA SARDINA,TOUR DE BAHÍA,"391aa12e-501e-422a-a98b-03d1b6c7851d"
"05e0806f-7f00-0010-e895-000032af5df8",PUNTA SARDINA,TOUR DIARIO DE BUCEO,"8c969b9e-d44a-456b-8b75-c4d63708c70c"
"0a38e7a2-160e-11e5-80ee-6c3be5ba6ec8",PLAYA BONITA,PESCA VIVENCIAL,f20e957b-1a99-4bd2-91a5-2841c77f698b
"01006683-7f00-0010-1180-00007e157630",BAHÍA GARDNER,TOUR NAVEGABLE,"5c621ca9-0690-459e-ad15-07fea9e171e9"
"01006683-7f00-0010-1180-00007e157630",BAHÍA GARDNER,TOUR DIARIO DE BUCEO,"8c969b9e-d44a-456b-8b75-c4d63708c70c"
"45b11ede-14b1-11e5-850a-6c3be5ba6ec8",BAHÍA SARDINA,PESCA VIVENCIAL,f20e957b-1a99-4bd2-91a5-2841c77f698b
"086bd243-7f00-0010-e895-0000c2f031ba",LAS NEGRITAS,COMUNIDAD,"03dcd9c1-7f00-0010-a1d9-00002e964ade"
"0870f695-7f00-0010-e895-0000b88dc615",BAJO 20 VARAS,COMUNIDAD,"03dcd9c1-7f00-0010-a1d9-00002e964ade"
"0893904e-7f00-0010-e895-000082788cb2",EL PESCADOR,COMUNIDAD,"03dcd9c1-7f00-0010-a1d9-00002e964ade"
"08aabfb3-7f00-0010-e895-0000a2c7d66b",Surf Playa del Muerto,TOUR DIARIO,"44bb5ac2-a860-4001-82de-92420a0fe7f8"
"08aabfb3-7f00-0010-e895-0000a2c7d66b",Surf Playa del Muerto,COMUNIDAD,"03dcd9c1-7f00-0010-a1d9-00002e964ade"
"08a45737-7f00-0010-e895-00005d29a92d",SURF OUTER REEF MANGLECITO,COMUNIDAD,"03dcd9c1-7f00-0010-a1d9-00002e964ade"
a8d0de14-47ef-4551-ba9d-32214106843e,PLAZA SUR,TOUR NAVEGABLE,"5c621ca9-0690-459e-ad15-07fea9e171e9"
a8d0de14-47ef-4551-ba9d-32214106843e,PLAZA SUR,TOUR DIARIO DE BUCEO,"8c969b9e-d44a-456b-8b75-c4d63708c70c"
a8d0de14-47ef-4551-ba9d-32214106843e,PLAZA SUR,TOUR DE BUCEO NAVEGABLE,"0f3de551-3dff-47fc-b5f5-7a197f311055"
a8d0de14-47ef-4551-ba9d-32214106843e,PLAZA SUR,TOUR DIARIO,"44bb5ac2-a860-4001-82de-92420a0fe7f8"
f4333634-a8e3-11e4-ac93-6c3be5ba6ec8,COMPLEJO DE HUMEDALES,TOUR NAVEGABLE,"5c621ca9-0690-459e-ad15-07fea9e171e9"
f4333634-a8e3-11e4-ac93-6c3be5ba6ec8,COMPLEJO DE HUMEDALES,TOUR DE BUCEO NAVEGABLE,"0f3de551-3dff-47fc-b5f5-7a197f311055"
f4333634-a8e3-11e4-ac93-6c3be5ba6ec8,COMPLEJO DE HUMEDALES,LIBRE,"043775e8-7f00-0010-7080-0000ab36c7a8"
f43859a2-a8e3-11e4-be4d-6c3be5ba6ec8,PUNTA ESPEJO,TOUR DE BUCEO NAVEGABLE,"0f3de551-3dff-47fc-b5f5-7a197f311055"
"8069d708-6770-442b-90ff-366d79513eb5",PLAYA NEGRA,TOUR NAVEGABLE,"5c621ca9-0690-459e-ad15-07fea9e171e9"
"72159e2a-c5a0-4ab1-8a04-1e48b35d319b",ISLA LOBOS,TOUR NAVEGABLE,"5c621ca9-0690-459e-ad15-07fea9e171e9"
"72159e2a-c5a0-4ab1-8a04-1e48b35d319b",ISLA LOBOS,TOUR DIARIO DE BUCEO,"8c969b9e-d44a-456b-8b75-c4d63708c70c"
"72159e2a-c5a0-4ab1-8a04-1e48b35d319b",ISLA LOBOS,TOUR DE BUCEO NAVEGABLE,"0f3de551-3dff-47fc-b5f5-7a197f311055"
"72159e2a-c5a0-4ab1-8a04-1e48b35d319b",ISLA LOBOS,TOUR DE BAHÍA,"391aa12e-501e-422a-a98b-03d1b6c7851d"
"0684dbea-7f00-0010-0820-0000cc1d1901",PUNTA BOWDITCH,TOUR NAVEGABLE,"5c621ca9-0690-459e-ad15-07fea9e171e9"
"0684dbea-7f00-0010-0820-0000cc1d1901",PUNTA BOWDITCH,TOUR DIARIO,"44bb5ac2-a860-4001-82de-92420a0fe7f8"
"830342db-6ca0-4c1a-86dd-56c636e621f4",GALAPAGUERA NATURAL,TOUR NAVEGABLE,"5c621ca9-0690-459e-ad15-07fea9e171e9"
"830342db-6ca0-4c1a-86dd-56c636e621f4",GALAPAGUERA NATURAL,TOUR DIARIO DE BUCEO,"8c969b9e-d44a-456b-8b75-c4d63708c70c"
"91abfdde-1b58-409a-b27c-b19cef18b0d0",ROCA REDONDA,TOUR DE BUCEO NAVEGABLE,"0f3de551-3dff-47fc-b5f5-7a197f311055"
"06853a2a-7f00-0010-0903-00008e9ecf9f",Grimaneza,PESCA VIVENCIAL,f20e957b-1a99-4bd2-91a5-2841c77f698b
"0688be57-7f00-0010-0903-0000ffebfc1c",CALETA IGUANA,PESCA VIVENCIAL,f20e957b-1a99-4bd2-91a5-2841c77f698b
"0692c482-7f00-0010-0903-000052ff003e",CARTAGO CHICO,PESCA VIVENCIAL,f20e957b-1a99-4bd2-91a5-2841c77f698b
"070adc13-7f00-0010-0903-00001208203d",PLAYA CORMORANT,PESCA VIVENCIAL,f20e957b-1a99-4bd2-91a5-2841c77f698b
"204ad883-f11e-49c8-a48d-ab3197d157c7",BAHIA POST OFFICE,TOUR NAVEGABLE,"5c621ca9-0690-459e-ad15-07fea9e171e9"
"204ad883-f11e-49c8-a48d-ab3197d157c7",BAHIA POST OFFICE,TOUR DE BUCEO NAVEGABLE,"0f3de551-3dff-47fc-b5f5-7a197f311055"
"204ad883-f11e-49c8-a48d-ab3197d157c7",BAHIA POST OFFICE,COMUNIDAD,"03dcd9c1-7f00-0010-a1d9-00002e964ade"
a1ea6f6f-7286-4171-ae8f-b38644385143,PUERTO EGAS,TOUR NAVEGABLE,"5c621ca9-0690-459e-ad15-07fea9e171e9"
a1ea6f6f-7286-4171-ae8f-b38644385143,PUERTO EGAS,TOUR DE BUCEO NAVEGABLE,"0f3de551-3dff-47fc-b5f5-7a197f311055"
f43451fe-a8e3-11e4-8139-6c3be5ba6ec8,ISLA GARDNER - ESPAÑOLA,TOUR NAVEGABLE,"5c621ca9-0690-459e-ad15-07fea9e171e9"
f43451fe-a8e3-11e4-8139-6c3be5ba6ec8,ISLA GARDNER - ESPAÑOLA,TOUR DIARIO DE BUCEO,"8c969b9e-d44a-456b-8b75-c4d63708c70c"
f438cd6a-a8e3-11e4-9153-6c3be5ba6ec8,PUNTA SUAREZ,TOUR NAVEGABLE,"5c621ca9-0690-459e-ad15-07fea9e171e9"
f438cd6a-a8e3-11e4-9153-6c3be5ba6ec8,PUNTA SUAREZ,TOUR DIARIO DE BUCEO,"8c969b9e-d44a-456b-8b75-c4d63708c70c"
