"sitio_id","descripcion","latitud","longitud","tipo_monitoreo","dificultad","zonificacion","zona_uso_publico"
"1f8cdf48-3b22-4ae4-b55e-171a4e6a814f",BARTOLOMÉ PUNTA,-0.289917,-90.54805,MARINO,,CONSERVACIÓN,POR DETERMINAR
b8f62bbd-761e-484f-8b4e-6531d74a2e8a,ANCHOR BAY,1.391107,-91.82284,MARINO,,CONSERVACIÓN,NATURAL
"16357c10-3093-11e5-afe0-6c3be5ba6ec8",PUNTA MANGLE,-0.468204,-91.399024,MARINO,,CONSERVACIÓN,NATURAL
"010c8a61-7f00-0010-1180-000058320979",BARTOLOMÉ,-0.280525,-90.55198,TERRESTRE,,CONSERVACIÓN,NATURAL EQUIPADA
f438a4fc-a8e3-11e4-b961-6c3be5ba6ec8,PUNTA MONTALVO,0.386893,-90.46382,MARINO,,CONSERVACIÓN,CONDICIONADO
f436cf6a-a8e3-11e4-bdfb-6c3be5ba6ec8,LAS GRIETAS,-0.755341,-90.3155184,TERRESTRE,,APROVECHAMIENTO SUSTENTABLE,RECREATIVA
"0a9404c4-7f00-0010-5895-0000234d4c5c",LA HORTENSIA,-0.961467,-90.9499,MARINO,,,
dbfc417c-1a3f-43fb-9358-5261a5ac3872,ARENERO DE EL FARO,-0.969611,-90.96375,MARINO,,TRANSICIÓN,POR DETERMINAR
bc633b68-8a51-443a-b1ba-0837f4e02f3f,LA VIUDA,-0.976,-90.871111,MARINO,,CONSERVACIÓN,CONDICIONADO
e7fbeb24-686b-41c0-9411-9bc567e7d29e,DAPHNE MAYOR,-0.422647,-90.371837,MARINO,,CONSERVACIÓN,CONDICIONADO
f4339e58-a8e3-11e4-b466-6c3be5ba6ec8,EL DERRUMBE,1.375444,-91.815358,MARINO,,CONSERVACIÓN,NATURAL
"82d12c0b-8b33-4f2e-81e7-b16b8ed0a901",BAHÍA BALLENA,-0.601965,-90.5361198,TERRESTRE,ALTA,APROVECHAMIENTO SUSTENTABLE,NATURAL EQUIPADA
b83bbd83-74f8-4d31-92fe-c49356e68e42,ISLOTE GARDNER,-1.332928,-90.295442,MARINO,,CONSERVACIÓN,POR DETERMINAR
"4cb3ffc4-f923-4b4f-84fe-b7a95dd52a8a",LOBERÍA GRANDE II,-0.9621389,-90.928522,MARINO,,APROVECHAMIENTO SUSTENTABLE,RECREATIVA
f433c0d6-a8e3-11e4-ba2f-6c3be5ba6ec8,MIRADOR DE LOS TÚNELES,-0.73189982,-90.32858142,TERRESTRE,,TRANSICIÓN,CERCANA
eb5415d2-ce28-4697-8268-19a5c3e9b65a,PUNTUDO CERRO CROCKER,-0.644863,-90.3363577,TERRESTRE,MEDIA,CONSERVACIÓN,CERCANA
a6052e41-ef39-4648-a5f0-cbfbcf28d260,BAHÍA DARWIN,0.318603,-89.949113,TERRESTRE,,CONSERVACIÓN,NATURAL
c4d3df56-c76a-4ff7-9577-f95a4c350740,PUERTO SEYMOUR,,,,,,
"5b1341ce-0fb9-4a21-b805-daea1f8d8f14",BELLAVISTA,,,TERRESTRE,,,
"069a4303-7f00-0010-2fd3-000035981d65",ROCA TORTUGA,-1.357161,-89.644828,MARINO,,CONSERVACIÓN,NATURAL
"9a95afef-e3b4-4e7f-969e-b08651d5d89c",BALTRA NE,-0.411756,-90.278938,MARINO,,CONSERVACIÓN,POR DETERMINAR
f439ca9e-a8e3-11e4-b345-6c3be5ba6ec8,RESERVA EL CHATO,-0.689312,-90.4147018,TERRESTRE,,TRANSICIÓN,CERCANA
"40d54463-92e9-4e8f-baee-6ff5bc5352b2",PLAYA ROJA (C. ITABACA),,,,,,
"5f0d5004-fa42-4945-9de1-356c18fd673c",SANTA FE/FONDEADERO,-0.804394,-90.0368389,TERRESTRE,,CONSERVACIÓN,NATURAL EQUIPADA
"9cf86800-858f-483a-bfee-a88142feeff3",SEYMOUR NE,-0.388472,-90.275694,MARINO,,CONSERVACIÓN,NATURAL
f438881e-a8e3-11e4-8750-6c3be5ba6ec9,CERRO LOS PATOS,,,TERRESTRE,,,
f438881e-a8e3-12e4-8750-6c3be5ba6ec9,LA COMUNA,,,TERRESTRE,,,
"5c831bf6-14ae-11e5-850a-6c3be5ba6ec8",BAHÍA CARTAGO GRANDE,-0.632494,-90.877917,TERRESTRE,,INTANGIBLE,NATURAL EQUIPADA
"017e89a8-7f00-0010-5895-0000bbbbaa04",PISCINA NATURAL,-0.85865,-89.565767,MARINO,,,CERCANA
"0ecc9673-7f00-0010-89c3-00009792fc87",PLAYA EDEN,-0.5586083,-90.52302222222222,TERRESTRE,,,NATURAL
f8d57b6c-3d11-451d-b237-ad26f21b22ed,BAHÍA ELIZABETH,-0.596181,-91.073008,MARINO,,CONSERVACIÓN,NATURAL
"0a855053-7f00-0010-5895-000033d7030d",CUEVA BAHÍA NAUFRAGIO ,-0.894517,-89.621164,MARINO,,,
"0eaef95f-bb4e-478c-b13a-444d9174b3fc",MINAS DE SAL,-0.240476,-90.8334214,TERRESTRE,BAJA,CONSERVACIÓN,NATURAL EQUIPADA
"0a40a0fa-7f00-0010-1180-00036a496b01",BALTAZAR,,,,,,
d97161e4-ec36-4bac-b02c-fff26a2cd5ab,PLAYA LOS PULPOS,-1.26459,-90.487927,,,,
"91980c39-c131-4b41-8b9a-302ad8654134",EL CAÑÓN,-0.9040083,-89.6240361,MARINO,,TRANSICIÓN,RECREATIVA
f43731c6-a8e3-11e4-81cc-6c3be5ba6ec8,MINAS DE AZUFRE,-0.84088139,-91.1492911099999,TERRESTRE,ALTA,CONSERVACIÓN,CERCANA
"0a40a0fa-7f00-0010-1180-00036a496b02",BARAHONA OCCIDENTAL,,,,,,
a4932cf3-0f87-4f59-8d5a-8fd2925d0c4b,EL BARRANCO - ISLA SANTA CRUZ,-0.746962,-90.284451,MARINO,,APROVECHAMIENTO SUSTENTABLE,RECREATIVA
f433d1f2-a8e3-11e4-8831-6c3be5ba6ec8,EL PINACULO,,,,,,
"78d1f18e-14ad-11e5-850a-6c3be5ba6ec8",ARRECIFE MACGOWEN,-1.125,-89.90833,MARINO,,,
"38aa7673-863f-496d-b450-a13bfb55b00e",TINTORERAS,-0.970536,-90.9605634,TERRESTRE,BAJA,TRANSICIÓN,CERCANA
"0a40a0fa-7f00-0010-1180-00036a496b03",BARAHONA ORIENTAL,,,,,,
"0a40a0fa-7f00-0010-1180-00036a496b04",CHAPIN,,,,,,
"0a40a0fa-7f00-0010-1180-00036a496b05",DIABLAS(CEMENTERIO),,,,,,
"0a40a0fa-7f00-0010-1180-00036a496b06",CONWEY,,,,,,
"0a40a0fa-7f00-0010-1180-00036a496b07",CERRO MUNTURA,,,,,,
"0a40a0fa-7f00-0010-1180-00036a496b08",PUERTO JELI,,,,,,
"0a8ad7b7-7f00-0010-5895-00005f7d0064",BAJO DE CERRO MUNDO ,-0.861417,-89.589472,MARINO,,,
"0ed8c0ef-7f00-0010-89c3-00008a01a90a",MOSQUERA NORTE,-0.405,-90.279,MARINO,,,NATURAL
f4341734-a8e3-11e4-910e-6c3be5ba6ec8,GULLEY,,,TERRESTRE,,,
b5a4343a-160d-11e5-80ee-6c3be5ba6ec8,PIEDRA AHOGADA,-0.423172,-90.3587694,MARINO,,CONSERVACIÓN,NATURAL EQUIPADA
f43170e2-a8e3-11e4-80d6-6c3be5ba6ec8,BULLEY ALLEY,,,TERRESTRE,,,
f4374328-a8e3-11e4-87ac-6c3be5ba6ec8,MIRADOR DE LA BARONESA,-1.231481,-90.439584,TERRESTRE,,CONSERVACIÓN,NATURAL EQUIPADA
"0a40a0fa-7f00-0010-1180-00036a496b09",AQUILES,,,,,,
"0a40a0fa-7f00-0010-1180-00036a496b10",LAGUNA WILMAN,,,,,,
f430dfc4-a8e3-11e4-8bad-6c3be5ba6ec8,BAHÍA ROSA BLANCA,-0.8216111,-89.3522417,TERRESTRE,,APROVECHAMIENTO SUSTENTABLE,NATURAL EQUIPADA
"0a40a0fa-7f00-0010-1180-00036a496b11",LAGUNA DE LOS PULPOS,,,,,,
"0a40a0fa-7f00-0010-1180-00036a496b12",CERRO ENCANTO,,,,,,
"0a40a0fa-7f00-0010-1180-00036a496b13",CRATER CERRO ENCANTO,,,,,,
"4e68cc28-132c-49f2-8460-034df60fc43c",PLAYA LAS BACHAS,-0.493699,-90.3423802,TERRESTRE,BAJA,CONSERVACIÓN,NATURAL
"0ed90edb-7f00-0010-89c3-00008d9bfb9f",MOSQUERA SUR,-0.406865,-90.276661,MARINO,,,
"0a90d1b7-7f00-0010-5895-000042651284",PUNTA ESTE LOBERIA GRANDE,-0.951133,-90.936633,MARINO,,,
"204ad883-f11e-49c8-a48d-ab3197d157c7",BAHIA POST OFFICE,-1.235936,-90.45218,TERRESTRE,,CONSERVACIÓN,CERCANA
"889bb4e3-9c1b-49ab-8048-68fd46c4cdab",BAHÍA SULLIVAN,-0.289555,-90.5661103,TERRESTRE,ALTA,CONSERVACIÓN,NATURAL
"06767127-7f00-0010-2fd3-000099ea2a4b",LAS CUEVAS,-1.260108,-90.370654,TERRESTRE,,CONSERVACIÓN,
"0a9108c7-7f00-0010-2fd3-00006346b6b4",LOBERÍA GRANDE,4,-90.927794,TERRESTRE,,CONSERVACIÓN,CERCANA
f4379daa-a8e3-11e4-b836-6c3be5ba6ec8,PLAYA DE LA ESTACIÓN CHARLES DARWIN,-0.742562,-90.3057558,TERRESTRE,BAJA,TRANSICIÓN,RECREATIVA
f4391eec-a8e3-11e4-af9b-6c3be5ba6ec8,PUERTO VELASCO IBARRA,-1.2782,-90.4933,,,,
f4316778-a8e3-11e4-b6c4-6c3be5ba6ec2,PATIO CONSOLIDACIÓN CONCEJO DE GOBIERNO PUERTO AYORA,,,TERRESTRE,,,
"0cf6ce71-7f00-0010-a74e-0000b80d1e93",PALMAS GRANDES,,,MARINO,,TRANSICIÓN,CERCANA
"0ee1f49f-7f00-0010-89c3-000067347878",PLAYA NORTE CERRO BRUJO,-0.7566861,-89.4553833,TERRESTRE,,,
"0688ab23-7f00-0010-0820-000099318f94",SENDERO IGUANA,-0.559258,-90.516636,TERRESTRE,,,
"6de11aec-160c-11e5-80ee-6c3be5ba6ec8",LA TORTUGA,-0.71745,-89.3937,TERRESTRE,,CONSERVACIÓN,NATURAL EQUIPADA
f43119c6-a8e3-11e4-be28-6c3be5ba6ec8,BAHÍA URBINA,-0.39533623,-91.2336928499999,TERRESTRE,MEDIA,CONSERVACIÓN,NATURAL EQUIPADA
"49552ae8-9794-4578-a8d4-1400bee6da4f",LA ANGELITA,-0.980739,-91.003619,MARINO,,APROVECHAMIENTO SUSTENTABLE,RECREATIVA
"928a78b1-47f7-4692-bc70-1cf48ee2b1f0",LA RATONERA,-0.744108,-90.3038749,TERRESTRE,,TRANSICIÓN,RECREATIVA
ccdf327b-cebd-4a30-8414-9a8a9e06b161,GUAYAQUIL,,,,,,
f436a058-a8e3-11e4-90f6-6c3be5ba6ec8,LA NARANJA,,,TERRESTRE,,,
d7379bb6-faa0-4d4b-bcd4-29b9c71a14ab,PLAYA DE LOS PERROS,-0.759477,-90.308085,TERRESTRE,,APROVECHAMIENTO SUSTENTABLE,CERCANA
"06885e6f-7f00-0010-2fd3-0000b60bf137",PUNTA CEVALLOS,-1.386907,-89.621399,TERRESTRE,,CONSERVACIÓN,NATURAL
"781886e7-85a6-4190-8616-2938f81c85d0",BAHIA ACADEMIA,-0.75,-90.283333,,,,
"18e57ba6-cfc7-4574-9966-dcf4269e5f7f",VOLCÁN SIERRA NEGRA/VOLCÁN CHICO,-0.7763226,-91.1013633999999,TERRESTRE,ALTA,APROVECHAMIENTO SUSTENTABLE,NATURAL EQUIPADA
c4a97291-e4bb-4247-adcb-e89786adb23b,RANCHO TERRAMAR,,,TERRESTRE,,,
"5f469b33-a217-4ad9-9b53-ff1295bf776f",BAJO GARDNER,-1.346964,-89.636833,MARINO,,CONSERVACIÓN,POR DETERMINAR
"241242c3-f6ac-4322-a2e4-cc4d3eba79a4",PLAYA ESPUMILLA,-0.193183,-90.834764,TERRESTRE,MEDIA,CONSERVACIÓN,NATURAL
"9c731f45-1987-4174-a84d-7cb8ad9115d4",PUNTA MORENO,-0.715487,-91.331475,TERRESTRE,,APROVECHAMIENTO SUSTENTABLE,NATURAL
"08d71182-7f00-0010-b04c-000080ea0386",RUTA PLAYA LA ESTACIÓN ,-0.7458583452674037,-90.31093239784241,MARINO,,,
c718d001-a637-01e4-b1ae-6c3be5ba6ec1,FINCAS SANTA CRUZ,-0.68814,-90.37336,,,,
c718d001-a637-01e4-b1ae-6c3be5ba6ec2,PUNTUDO/CERRRO CROCKER/MEDIA LUNA,-0.64486308,-90.3363577,,,,
c718d001-a637-01e4-b1ae-6c3be5ba6ec4,GENERAL,,,,,,
c718d001-a637-01e4-b1ae-6c3be5ba6ec5,SIN ESPECIFICAR,,,,,,
c4a97291-e4bb-0247-adcb-e89786adb23b,RANCHO FORTIZ,,,TERRESTRE,,,
c4a97291-e4bb-0347-adcb-e89786adb23b,RANCHO HIGHLAND VIEW,,,TERRESTRE,,,
"0692bbfc-7f00-0010-2fd3-0000173cc7a2",MANZANILLO,-1.346766,-89.69817,TERRESTRE,,CONSERVACIÓN,NATURAL
c4a97291-e4bb-0147-adcb-e89786adb23b,RANCHO MANZANILLO,,,TERRESTRE,,,
"053a64ce-7f00-0010-8ab6-0000ec06de3d",RUTA POZA DE LAS DIABLAS,-0.7458583452674037,-90.31093239784241,MARINO,,,
a361f12e-ba78-4659-8fcb-92ea1ccc80d4,KM 25 (ESTACIONES SISMICAS),,,,,,
"08db12e3-7f00-0010-b04c-00001d6d7023",RUTA CANAL DE ITABACA ZONA OESTE,-0.7458583452674037,-90.31093239784241,MARINO,,,
"9677934a-7440-437f-a95a-d4bdb30c60e7",SALASACA,,,,,,
"1042cb6f-e750-40d0-80d9-f1c281ac8e00",AEROPUERTO/SAN CRISTÓBAL,,,,,,
"33d0d675-328d-4f00-a266-64879f2a4742",PUNTA ALBERMARLE,0.163404,-91.342384,TERRESTRE,MEDIA,CONSERVACIÓN,NATURAL EQUIPADA
"30a23830-1a52-4462-944c-915c5aca1e3c",CABO CHALMERS,0.559617,-90.783806,MARINO,,INTANGIBLE,POR DETERMINAR
f4392c10-a8e3-11e4-b954-6c3be5ba6ec8,PUERTO GRANDE,-0.796905,-89.473305,TERRESTRE,BAJA,APROVECHAMIENTO SUSTENTABLE,RECREATIVA
"299fe007-2a39-495c-8208-a94a41f36224",PUNTA ARGERMEYER,-0.752928,-90.3084361,MARINO,,TRANSICIÓN,RECREATIVA
e8036232-4cc7-46d6-ae11-a822c7448d7e,CABO DOUGLAS,-0.306436,-91.655236,MARINO,,CONSERVACIÓN,CONDICIONADO
"0971f5aa-7f00-0010-3efb-0000a4f101bb",RUTA PUERTO GRANDE,-0.893361,-89.46992,MARINO,,,
"9361abc2-97ab-49d5-83e5-54cb82df7e3b",CABO IBBETSON,0.559333,-90.722728,MARINO,,CONSERVACIÓN,POR DETERMINAR
"097c400b-7f00-0010-3efb-0000eb259380",RUTA MANGLECITO,-0.893361,-89.53771,MARINO,,,
cf0492d7-13d2-44fd-8cf8-46efe821e365,CABO MARSHALL,-0.018925,-91.205475,MARINO,,CONSERVACIÓN,NATURAL
"097fb91e-7f00-0010-3efb-0000bdc8bc47",RUTA PLAYA OCHOA,-0.893361,-89.57134,MARINO,,,
"38fe4fc9-6e8f-4939-a959-17f1de9868f3",CALETA TORTUGA NEGRA,-0.496524,-90.325833,TERRESTRE,BAJA,CONSERVACIÓN,NATURAL
"0983f046-7f00-0010-3efb-00006f2a2c42",RUTA PUNTA ESTRADA,-0.7530854,-90.30984,MARINO,,,
"5a59f860-156f-11e5-b194-6c3be5ba6ec8",LOS PANCHONALES,-1.2137,-90.449,MARINO,,,
f4381f32-a8e3-11e4-b40c-6c3be5ba6ec8,PUNTA CALLE,0.27406,-90.48821,,,,
"1d90de97-1d20-42c0-bd40-b632a7c49baf",PUERTO POSADA,0.539964,-90.741603,MARINO,,CONSERVACIÓN,POR DETERMINAR
fefcbf16-d7c4-44c5-9c16-388aa35083c9,EL FINADO,-1.036158,-91.162653,MARINO,,APROVECHAMIENTO SUSTENTABLE,NATURAL EQUIPADA
f4365b5c-a8e3-11e4-80b9-6c3be5ba6ec8,LA BOMBA,-0.1917,-90.6472,MARINO,,,
"1a3e38b0-2f03-11e5-9aff-6c3be5ba6ec8",CALETA TORTUGA,-0.2012,-91.39145,MARINO,,,
"9915ab9e-2fc8-11e5-aecf-6c3be5ba6ec8",EL MUERTO,-0.838300000,-89.54170000,,,,
"67b974c7-c889-460a-a79a-1364e6ec4d78",CENTRO DE CRIANZA ARNALDO TUPIZA,-0.947512,-90.974082,TERRESTRE,BAJA,TRANSICIÓN,CULTURAL-EDUCATIVO
"0987df61-7f00-0010-3efb-0000b7b87e4a",RUTA MUELLE MUNICIPAL,-0.7530854,-90.30984,MARINO,,,
ced31aa6-f7e7-4262-a13e-99e34a2d1a99,CENTRO DE CRIANZA FAUSTO LLERENA,-0.740852,-90.3033728,TERRESTRE,BAJA,APROVECHAMIENTO SUSTENTABLE,CULTURAL-EDUCATIVO
"0990a752-7f00-0010-3efb-0000ca7b5ad6",RUTA TORTUGA BAY,-0.7619839,-0.7634858,MARINO,,,
e8502c0e-38ea-4a07-8e8b-57e3915b1ee6,CENTRO DE CRIANZA DE TORTUGAS TERRESTRES DAVID RODRÍGUEZ,-0.911758,-89.438108,TERRESTRE,,TRANSICIÓN,CULTURAL-EDUCATIVO
"09927eda-7f00-0010-3efb-00001ba27734",RUTA PLAYA EL GARRAPATERO,-0.6942473,-90.220612,TERRESTRE,,APROVECHAMIENTO SUSTENTABLE,RECREATIVA
"350d3377-8016-4c0d-a535-dab86347a36f",CERRO ALLIERI,-1.287301,-90.448351,TERRESTRE,MEDIA,TRANSICIÓN,CERCANA
"0994fa52-7f00-0010-3efb-000060f0529a",RUTA CANAL DE ITABACA-ZONA ESTE,-0.4873762,-90.25837,MARINO,,,
"01133432-7f00-0010-1180-000073f7e95a",CERRO DRAGÓN,-0.526115,-90.4879568,TERRESTRE,MEDIA,CONSERVACIÓN,NATURAL EQUIPADA
"2f8163b8-03f8-4704-954e-f85f5bf21fba",CORONA DEL DIABLO,-1.217077,-90.423251,MARINO,,CONSERVACIÓN,NATURAL
ea7bb8b7-e3c7-4c73-9432-9c868b2002f1,DAPHNE MENOR,-0.396857,-90.351393,MARINO,,CONSERVACIÓN,NATURAL EQUIPADA
f4336fe6-a8e3-11e4-a1cb-6c3be5ba6ec8,EL ARCO,1.671783,-91.989781,MARINO,,CONSERVACIÓN,NATURAL
d69f5ec3-2c25-4eb2-a2f2-c23a17f92518,EL JUNCO,-0.895257,-89.481583,TERRESTRE,MEDIA,URBANO/RURAL,CERCANA
f4341176-a8e3-11e4-8952-6c3be5ba6ec8,GARRAPATERO,-0.695139,-90.221155,MARINO,BAJA,TRANSICIÓN,RECREATIVA
"64aac576-8e9f-413a-acc8-1918104c43d5",ISLOTE ENDERBY,-1.230232,-90.358934,MARINO,,CONSERVACIÓN,POR DETERMINAR
"45b6aa3a-cdfe-4fdd-874a-1221fe68d180",ISLOTE OSBORN,-1.351343,-89.648283,MARINO,,CONSERVACIÓN,NATURAL EQUIPADA
f436275e-a8e3-11e4-a5e8-6c3be5ba6ec8,ISLOTE TORTUGA,-1.023221,-90.860752,MARINO,,CONSERVACIÓN,NATURAL EQUIPADA
f4334d72-a8e3-11e4-a5b1-6c3be5ba6ec8,CREEK,,,TERRESTRE,,,
b16ecb4e-4f10-49b3-bb9a-23051565616c,CUEVA DE SUCRE,-0.840968,-91.026624,TERRESTRE,MEDIA,URBANO/RURAL,CERCANA
f712ca8c-19c2-4c0c-989d-cb75a6a85ecd,PLAZA NORTE,-0.580594,-90.1627722,MARINO,,CONSERVACIÓN,NATURAL EQUIPADA
e6b62138-8870-4efe-be60-0dfa4351a8ee,CARAGUA,-0.894227,-89.619156,MARINO,,TRANSICIÓN,RECREATIVA
f43475ee-a8e3-11e4-a1e7-6c3be5ba6ec8,ISLA PLAZA SUR,,,,,,
f4358b5a-a8e3-11e4-9b35-6c3be5ba6ec8,ISLOTE LA VENTANA,1.372873,-91.826924,MARINO,,CONSERVACIÓN,NATURAL
f436a6ac-a8e3-11e4-b547-6c3be5ba6ec8,LA PLAYA,,,TERRESTRE,,,
"5ae7300a-2f09-11e5-9aff-6c3be5ba6ec8",CHAMPION,-1.237600000,-90.38590000,,,,
bb41f3e6-2ca6-11e5-b9ba-6c3be5ba6ec8,MALECON,,,MARINO,,,
"5a5af298-1573-11e5-b179-6c3be5ba6ec8",EL MUERTO - ISLA ISABELA,-0.061,-91.4189,MARINO,,,
f434357a-a8e3-11e4-8f7a-6c3be5ba6ec8,ISLA DAPHNE CHICA,,,,,,
f435b99a-a8e3-11e4-8ea7-6c3be5ba6ec8,ISLOTE MAO,,,,,,
f43aab58-a8e3-11e4-9f93-6c3be5ba6ec8,SHARK BAY,,,,,,
"89b6409c-15f5-11e5-860a-6c3be5ba6ec8",PAJITA,,,MARINO,,,
"6b384a11-06ff-4689-954a-c21d273606a4",MANTA,,,,,,
bb82f5da-1603-11e5-b350-6c3be5ba6ec8,EL MUERTO - ISLA PINTA,0.5312,-90.7344,MARINO,,,
f4346a4a-a8e3-11e4-9a67-6c3be5ba6ec8,ISLA LOBOS - ISLA LOBOS,-0.8522,-89.5681,,,,
f434703a-a8e3-11e4-843e-6c3be5ba6ec8,ISLA PLAZA NORTE,-0.5775,-90.1642,MARINO,,,
f430096e-a8e3-11e4-891b-6c3be5ba6ec8,BAHÍA ALCEDO,,,MARINO,,,
f4389386-a8e3-11e4-bfa6-6c3be5ba6ec8,PTA. MANZANILLO,-1.3434,-89.6983,MARINO,,,
f4368992-a8e3-11e4-bc77-6c3be5ba6ec8,LA FE,-0.766025,-90.4120861,TERRESTRE,,APROVECHAMIENTO SUSTENTABLE,CERCANA
"4f72a742-1571-11e5-b179-6c3be5ba6ec8",GENOVESA,0.3123,-89.9583,MARINO,,,
"53b6f4ba-160d-11e5-80ee-6c3be5ba6ec8",LOS PELICANOS,,,MARINO,,,
f4389ef8-a8e3-11e4-8cda-6c3be5ba6ec8,PUNTA MEJIA,0.34456,-90.54679,,,,
f436c970-a8e3-11e4-80a1-6c3be5ba6ec8,LAS CUEVAS - ISLA FLOREANA,-1.258573,-90.3642,,,,
"7a3aadcc-15f7-11e5-860a-6c3be5ba6ec8",SAN VICENTE - ISLA ISABELA,0.0868,-91.2907,MARINO,,,
a7ee9350-14a8-11e5-b2ab-6c3be5ba6ec8,ISTMO PERRY,-0.572,-90.9731,MARINO,,,
f433eee4-a8e3-11e4-b3e6-6c3be5ba6ec8,ENSENADA FLORES,,,MARINO,,,
f433f498-a8e3-11e4-8787-6c3be5ba6ec8,ESCALERA,,,TERRESTRE,,,
f43780b8-a8e3-11e4-8acf-6c3be5ba6ec8,PIRAMIDE,,,TERRESTRE,,,
f4378676-a8e3-11e4-9de8-6c3be5ba6ec8,PLATAFORMA ,,,TERRESTRE,,,
f4379224-a8e3-11e4-926f-6c3be5ba6ec8,BARAHONA,-1.0041,-91.039,MARINO,,,
"05fdaf84-2f0d-11e5-9aff-6c3be5ba6ec8",NORTE DE LA ISLA - ISLA PINTA,0.62256,-90.7958875,,,,
f4306b2a-a8e3-11e4-aa08-6c3be5ba6ec8,BAHÍA DE AGUA DULCE,,,MARINO,,,
eee84d70-a675-4228-8ffd-5d87fc8caace,LOLO SURF,-0.819475,-89.5233972,MARINO,,APROVECHAMIENTO SUSTENTABLE,RECREATIVA
f43adf1a-a8e3-11e4-88f9-6c3be5ba6ec8,VOLCAN CHICO,,,TERRESTRE,,,
eb03c685-ceaf-4510-af55-091f7bcb3a53,LA ENCAÑADA,-0.799194,-90.06975,MARINO,,CONSERVACIÓN,POR DETERMINAR
f437d1bc-a8e3-11e4-a599-6c3be5ba6ec8,PLAYA ROJA,,,,,,
f4372c08-a8e3-11e4-aa6a-6c3be5ba6ec8,MINA GRANILLO ROJO,,,TERRESTRE,,,
f4376dbc-a8e3-11e4-8f36-6c3be5ba6ec8,PEQUENA,,,TERRESTRE,,,
"299b708a-18f0-11e5-adee-6c3be5ba6ec8",PRIMICIAS,,,TERRESTRE,,,
f43797f6-a8e3-11e4-95ba-6c3be5ba6ec8,PLAYA DARWIN,,,TERRESTRE,,,
"6db14c10-15f6-11e5-860a-6c3be5ba6ec8",PUERTO SUCRE,,,MARINO,,,
f4380de4-a8e3-11e4-98a0-6c3be5ba6ec8,PUNTA ALFARO,-0.42424,-90.95111,MARINO,,,
f43813b6-a8e3-11e4-8e0c-6c3be5ba6ec8,PUNTA BAQUERIZO,-0.26688,-90.87182,MARINO,,,
f4381974-a8e3-11e4-b4fa-6c3be5ba6ec8,PTA. BASSA (MANGLECITO),,,MARINO,,,
f4396072-a8e3-11e4-b7db-6c3be5ba6ec8,PUNTA CORMORANT - ROCA BALLENA,,,TERRESTRE,,,
f41fc2ee-160b-11e5-80ee-6c3be5ba6ec8,ESPINERO,-0.9557,-89.5197,MARINO,,,
"57310722-160b-11e5-80ee-6c3be5ba6ec8",CHORROS DE AGUA DULCE,-0.9497,-89.4963,MARINO,,,
"57c719f2-15f6-11e5-860a-6c3be5ba6ec8",PUERTO BRAVO - ISLA ISABELA,-0.08692,-91.40826,MARINO,,,
"5a2d7518-1611-11e5-80ee-6c3be5ba6ec8",CERRO BALLENA - ISLA SANTA CRUZ,-0.6042,-90.5411,MARINO,,,
"02e20ac6-1616-11e5-bf65-6c3be5ba6ec8",EL GAVIOTIN,-0.8071,-90.0882,MARINO,,,
f4355810-a8e3-11e4-98fe-6c3be5ba6ec8,ISLOTE GRAN FELIPE,,,,,,
f4355db0-a8e3-11e4-9cd3-6c3be5ba6ec8,ISLOTE GUY FAWKES,,,MARINO,,,
f4356378-a8e3-11e4-9e32-6c3be5ba6ec8,ISLOTE GUY FAWKES ESTE,,,,,,
f43a1526-a8e3-11e4-9bd3-6c3be5ba6ec8,ROCA BEAGLE OESTE,,,,,,
"2ea5b1f6-160e-11e5-80ee-6c3be5ba6ec8",PUERTO - ISLA SAN CRISTOBAL,,,,,,
"2f95ed30-160c-11e5-80ee-6c3be5ba6ec8",ISLOTE CALZONCILLO,-0.67306,-89.33860779,MARINO,,,
"53927cca-2f08-11e5-9aff-6c3be5ba6ec8",SUR DE LA ISLA,-1.160900000,-91.05410000,,,,
"2b683f40-1604-11e5-b350-6c3be5ba6ec8",PINTA,0.53879,-90.75148,MARINO,,,
"173e7430-160e-11e5-80ee-6c3be5ba6ec8",POZA DEL SAPO,,,MARINO,,,
d2af49e8-b652-11e6-ad6e-000c29e38a2f,DPNG - OFICINA PRINCIPAL SANTA CRUZ,,,,,,
f43026ba-a8e3-11e4-b64d-6c3be5ba6ec8,BAHÍA BANKS,-0.03656,-91.43063,MARINO,,,
fc91640e-156c-11e5-b194-6c3be5ba6ec8,ISLA GARDNER - ISLA FLOREANA,-1.32864,-90.30141,MARINO,,,
"416636e4-15f5-11e5-860a-6c3be5ba6ec8",LOS REVIRADOS,0.0542,-91.27015,MARINO,,,
f437fc46-a8e3-11e4-85bb-6c3be5ba6ec8,POZA DE LAS AZULES,-0.3518,-90.6716,MARINO,,,
f4390eec-a8e3-11e4-af9b-6c3be5ba6ec8,PUERTO VELASCO IBARRA - MUELLE VELASCO IB.,-1.2782,-90.4933,,,,
f4393d40-a8e3-11e4-8e46-6c3be5ba6ec8,PUNTA AYORA,,,MARINO,,,
f4399a74-a8e3-11e4-b067-6c3be5ba6ec8,PUNTUDO,,,TERRESTRE,,,
"270366de-1571-11e5-b179-6c3be5ba6ec8",SUR DE LA ISLA - ISLA FLOREANA,-1.3778,-90.4333,MARINO,,,
f43a261a-a8e3-11e4-a746-6c3be5ba6ec8,ROCA BLANCA - ROCA DURA,,,,,,
f43ac214-a8e3-11e4-ba50-6c3be5ba6ec8,TRAJICA,,,TERRESTRE,,,
f4333c06-a8e3-11e4-b9ac-6c3be5ba6ec8,CONCHA DE PERLA,-0.96206,-90.957386,TERRESTRE,,TRANSICIÓN,RECREATIVA
fd4611e4-15f6-11e5-860a-6c3be5ba6ec8,PUNTA NEGRA ESTE,-0.5767,-90.9447,MARINO,,,
f436e0c2-a8e3-11e4-9da9-6c3be5ba6ec8,LAS TABLAS - ISLA SAN CRISTOBAL,,,TERRESTRE,,,
f436e680-a8e3-11e4-aa79-6c3be5ba6ec8,ISLOTE LAS TINTORERAS,,,TERRESTRE,,,
f436ec3e-a8e3-11e4-861a-6c3be5ba6ec8,LEON DORMIDO - ROCA LEON DORMIDO PEQUENA,,,TERRESTRE,,,
fb1bb48c-1565-11e5-b194-6c3be5ba6ec8,EL YATE,-1.38893,-89.61993,MARINO,,,
fc58372a-1610-11e5-80ee-6c3be5ba6ec8,BAJO SAN LUIS,-0.8053,-90.6637,MARINO,,,
f43a70fc-a8e3-11e4-bc22-6c3be5ba6ec8,ROCA STEVEN,,,,,,
bcd4131e-1613-11e5-bf65-6c3be5ba6ec8,NORTE DE ROCAS GORDON,-0.55643,-90.1324,MARINO,,,
f43914b4-a8e3-11e4-9551-6c3be5ba6ec8,PUERTO VILLAMIL,,,MARINO,,,
fbf11585-da5f-4df3-9992-6b2e780b359f,ISLOTE WATSON,-1.346631,-90.308558,MARINO,,CONSERVACIÓN,POR DETERMINAR
f437b48e-a8e3-11e4-b1a6-6c3be5ba6ec8,ESPUMILLA,-0.17171,-90.83148,MARINO,,,
f43720a0-a8e3-11e4-9d05-6c3be5ba6ec8,MIKE,,,TERRESTRE,,,
f4371a92-a8e3-11e4-b8e1-6c3be5ba6ec8,MEDIA LUNA,,,TERRESTRE,,,
e4db98ac-99ea-4ea5-b167-281bf1d85f28,LA BANANA,1.398006,-91.8197139,MARINO,,CONSERVACIÓN,NATURAL
f434a5aa-a8e3-11e4-b705-6c3be5ba6ec8,CAAMAÑO,-0.758138,-90.279571,MARINO,,TRANSICIÓN,CERCANA
f43ab10c-a8e3-11e4-85a3-6c3be5ba6ec8,SITIO DE VISITA,,,TERRESTRE,,,
f43694fa-a8e3-11e4-b525-6c3be5ba6ec8,LA LOBERÍA - ISLA SANTA FE,,,TERRESTRE,,,
f438081c-a8e3-11e4-a6f4-6c3be5ba6ec8,PTA. ALBEMARLE,,,MARINO,,,
f43a656c-a8e3-11e4-a653-6c3be5ba6ec8,ROCA REDONDA - ISLA ISABELA,0.271987,-91.625395,MARINO,,,
"7fcd58ec-1571-11e5-b179-6c3be5ba6ec8",LOS BARRANCOS - ISLA GENOVESA,0.33998,-89.96574,MARINO,,,
"714162fc-1533-11e5-9608-6c3be5ba6ec8",EL ELEFANTE,1.38009,-91.8218,MARINO,,,
"7364d0b0-20d1-11e5-a4cb-6c3be5ba6ec8",PALO BLANCO - ISLA ISABELA,,,,,,
aa8ab722-6ce6-460e-906a-cdfd41e41d64,ROCA FELIPE,-0.291046,-90.554204,MARINO,,CONSERVACIÓN,NATURAL EQUIPADA
"267518e0-1614-11e5-bf65-6c3be5ba6ec8",PUERTO - ISLA SANTA CRUZ,,,MARINO,,,
f43501d0-a8e3-11e4-a62c-6c3be5ba6ec8,ISLOTE CUATRO HERMANOS ESTE,,,TERRESTRE,,,
f436d53c-a8e3-11e4-bb7b-6c3be5ba6ec8,LAS PALMITAS,-0.679722,-90.5407056,TERRESTRE,,APROVECHAMIENTO SUSTENTABLE,CERCANA
f43ad39e-a8e3-11e4-8b41-6c3be5ba6ec8,VOLCAN ALCEDO,,,TERRESTRE,,,
f43ad95c-a8e3-11e4-9eb6-6c3be5ba6ec8,VOLCAN CERRO ZUL,,,TERRESTRE,,,
f43aeaa0-a8e3-11e4-9aa9-6c3be5ba6ec8,VOLCAN ECUADOR,,,TERRESTRE,,,
f5a694a8-1615-11e5-bf65-6c3be5ba6ec8,DINAMARCA,-0.795,-90.0667,MARINO,,,
f4336a3c-a8e3-11e4-b226-6c3be5ba6ec8,EL AGUACATE,,,TERRESTRE,,,
eb0298f8-15f2-11e5-860a-6c3be5ba6ec8,LA CRUZ,-0.020437,-91.473171,MARINO,,,
ebb13708-1603-11e5-b350-6c3be5ba6ec8,LA POSADA,0.62525,-90.75392,MARINO,,,
ecca28e6-156a-11e5-b194-6c3be5ba6ec8,PUNTA GAVILANEZ,-0.35909,-91.38006,MARINO,,,
edf9bb6a-1613-11e5-bf65-6c3be5ba6ec8,PAN DE AZUCAR,-0.67051,-90.5886,MARINO,,,
ee24fb52-1610-11e5-80ee-6c3be5ba6ec8,BAJO LA ESTAMPA,-0.9093,-90.172,MARINO,,,
f2b9ab66-1572-11e5-b179-6c3be5ba6ec8,EL BONGO,-1.04,-91.22,MARINO,,,
f432ccda-a8e3-11e4-a417-6c3be5ba6ec8,CERRO COLORADO - ISLA SANTA CRUZ,,,MARINO,,,
f433b514-a8e3-11e4-bc46-6c3be5ba6ec8,EL GLOBO,,,TERRESTRE,,,
f433d7a6-a8e3-11e4-abb7-6c3be5ba6ec8,EL PUNTUDO,,,TERRESTRE,,,
f4361516-a8e3-11e4-a304-6c3be5ba6ec8,ISLOTE SANTA FE,,,TERRESTRE,,,
"0f0e52a4-2efe-11e5-9aff-6c3be5ba6ec8",WITTMER - ISLA ESPAÑOLA,1.66924,-91.99836,"",,,
"1d1ae14d-b1ee-4df0-9980-2243762e96d5",BAJO DE CERRO BRUJO,-0.758564,-89.464317,MARINO,,APROVECHAMIENTO SUSTENTABLE,NATURAL
f43a9424-a8e3-11e4-92c5-6c3be5ba6ec8,SACA CALZON,-0.68739,-90.19251,MARINO,,,
"2f145702-2f0c-11e5-9aff-6c3be5ba6ec8",LA CARA DEL VIEJO,0.541200000,-90.73440000,,,,
"5614f462-160f-11e5-80ee-6c3be5ba6ec8",TONGO REEF,-0.9045833,-89.6250722,MARINO,,TRANSICIÓN,RECREATIVA
f4342dbe-a8e3-11e4-9ef1-6c3be5ba6ec8,ISLA COWLEY,-0.387392,-90.962953,MARINO,,CONSERVACIÓN,POR DETERMINAR
"4f7a37f0-2a70-11e5-b61f-6c3be5ba6ec8",WITTMER - ISLA DARWIN,1.66924,-91.99836,,,,
f436094a-a8e3-11e4-823d-6c3be5ba6ec8,ISLOTE PUNTA MANGLE SUR,,,,,,
f4361c0a-a8e3-11e4-ab01-6c3be5ba6ec8,ISLOTE SARTEN,,,TERRESTRE,,,
f434227e-a8e3-11e4-874f-6c3be5ba6ec8,ISLA CAAMANO,,,TERRESTRE,,,
f43621b4-a8e3-11e4-9f7c-6c3be5ba6ec8,ISLOTE TINTORERA (VILLAMIL),,,TERRESTRE,,,
f4363316-a8e3-11e4-a751-6c3be5ba6ec8,ISLOTE VENECIA,,,TERRESTRE,,,
f4350d1a-a8e3-11e4-8456-6c3be5ba6ec8,ISLOTE CUATRO HERMANOS SUR,,,TERRESTRE,,,
f43512c4-a8e3-11e4-aa9a-6c3be5ba6ec8,ISLOTE DEVINE,,,TERRESTRE,,,
f4351dfa-a8e3-11e4-b7e5-6c3be5ba6ec8,ISLOTE EL ARCO,,,TERRESTRE,,,
"5dca62a6-1604-11e5-b350-6c3be5ba6ec8",NORTE DE LA ISLA - ISLA PINZON,-0.39842,-90.70177,MARINO,,,
"2e425908-1613-11e5-bf65-6c3be5ba6ec8",LAS PALMAS,-0.654,-90.5493,MARINO,,,
f438993a-a8e3-11e4-88e4-6c3be5ba6ec8,PUNTA MARTINEZ,-0.2986,-90.5467,MARINO,,,
"53db9f96-14a9-11e5-b2ab-6c3be5ba6ec8",ALCATRAZ,,,MARINO,,,
a4ad516a-1604-11e5-b350-6c3be5ba6ec8,PINZON,-0.60308,-90.69132,MARINO,,,
f4315e0e-a8e3-11e4-beb5-6c3be5ba6ec8,BASURERO,,,TERRESTRE,,,
"85d48ee6-15f2-11e5-860a-6c3be5ba6ec8",ISLOTE BRATHLE,-1.0306,-90.8846,MARINO,,,
f435f874-a8e3-11e4-88fb-6c3be5ba6ec8,ISLOTE PITT ,,,,,,
f435fe14-a8e3-11e4-a76f-6c3be5ba6ec8,ISLOTE PUNTA BOWDITCH ESTE,,,,,,
f43603aa-a8e3-11e4-a50d-6c3be5ba6ec8,ISLOTE PUNTA MANGLE NORTE,,,,,,
"18d56b14-1573-11e5-b179-6c3be5ba6ec8",EL FARO - ISLA ISABELA,-0.96708,-90.96005,MARINO,,,
bdcc77f4-9173-4493-bdae-3fa9287a72c0,ISLOTE FIVE FINGERS,-0.8734,-89.6457,MARINO,,APROVECHAMIENTO SUSTENTABLE,POR DETERMINAR
"1944181c-156d-11e5-b194-6c3be5ba6ec8",ISLOTE ELEFANTE,-1.31778845,-90.3343269,MARINO,,,
"1a34710c-2f0a-11e5-9aff-6c3be5ba6ec8",NORTE DE LA ISLA,-0.415000000,-90.71000000,,,,
f43afc48-a8e3-11e4-8a70-6c3be5ba6ec8,ZONA A,,,TERRESTRE,,,
"1be29e9a-5fa8-4772-aa23-11cc18f9bf10",LOS CRÁTERES,-0.7349166,-89.43999166,MARINO,,APROVECHAMIENTO SUSTENTABLE,POR DETERMINAR
f43a4e42-a8e3-11e4-862d-6c3be5ba6ec8,ROCA GORDON ,,,,,,
f43a543c-a8e3-11e4-b67b-6c3be5ba6ec8,ROCA NERUS,0.6471,-90.774,MARINO,,,
f43a59fa-a8e3-11e4-a36b-6c3be5ba6ec8,ROCA PINACULO,,,,,,
"32b7c0b6-15f2-11e5-860a-6c3be5ba6ec8",HIERBERO,-0.98601,-91.0037,MARINO,,,
"336bdabe-1616-11e5-bf65-6c3be5ba6ec8",LOS BARRANCOS - ISLA SANTA FE,-0.8313,-90.07938,MARINO,,,
"34a08618-15f4-11e5-860a-6c3be5ba6ec8",LOS CORALES - ISLA ISABELA,-0.6697,-91.1855,MARINO,,,
"3500b4e6-2f0a-11e5-9aff-6c3be5ba6ec8",PARTE NORTE DE MARCHENA,0.398000000,-90.49000000,,,,
f4383c9c-a8e3-11e4-947a-6c3be5ba6ec8,PUNTA CORMORANT ,-1.220956,-90.422427,TERRESTRE,BAJA,CONSERVACIÓN,NATURAL EQUIPADA
f43a0f86-a8e3-11e4-aceb-6c3be5ba6ec8,ROCA BEAGLE NORTE,,,,,,
f43074bc-a8e3-11e4-8461-6c3be5ba6ec8,BAHÍA DE PERRY,,,MARINO,,,
f4315490-a8e3-11e4-ac9b-6c3be5ba6ec8,BASE FAE,,,TERRESTRE,,,
f43a42e4-a8e3-11e4-b331-6c3be5ba6ec8,ROCA DURA - ISLA FLOREANA,,,,,,
fe8ee308-15f3-11e5-860a-6c3be5ba6ec8,LA LOBERÍA GRANDE,-0.9711,-90.9343,MARINO,,,
f434eace-a8e3-11e4-b43e-6c3be5ba6ec8,ISLOTE CRATER BEAGLE,,,TERRESTRE,,,
f434f06e-a8e3-11e4-9551-6c3be5ba6ec8,ISLOTE CRATER CERRO AZUL,,,TERRESTRE,,,
f4353588-a8e3-11e4-8540-6c3be5ba6ec8,ISLOTE ESTE DE DARWIN - NORTE,,,,,,
f4353b28-a8e3-11e4-9f14-6c3be5ba6ec8,ISLOTE ESTE DE DARWIN - SUR,,,,,,
f4352fd4-a8e3-11e4-af0e-6c3be5ba6ec8,ISLOTE ESPEJO,,,,,,
"3a23a3a2-160f-11e5-80ee-6c3be5ba6ec8",SAN CRISTOBAL,-0.89258,-89.61046,MARINO,,,
"510a1d2c-15f5-11e5-860a-6c3be5ba6ec8",LOS TUNELES,-1.04912,-91.18457,MARINO,,,
"53877c2c-156c-11e5-b194-6c3be5ba6ec8",CHAMPION DE FLOREANA,-1.237600000,-90.38590000,MARINO,,,
"739b8416-160e-11e5-80ee-6c3be5ba6ec8",PUERTO OCHOA,-0.863571,-89.575933,MARINO,,,
"740030e6-1604-11e5-b350-6c3be5ba6ec8",PARTE NOROCCIDENTAL - ISLA PINZON,-0.407,-90.7195,MARINO,,,
"87ea960a-2f04-11e5-9aff-6c3be5ba6ec8",EL MUNECO,-0.949780000,-91.47791000,,,,
f438b62c-a8e3-11e4-89f8-6c3be5ba6ec8,PUNTA NUNEZ,-0.7354,-90.2324,MARINO,,,
c4e81396-160b-11e5-80ee-6c3be5ba6ec8,EL HERMANO,,,MARINO,,,
f7aafc9c-160d-11e5-80ee-6c3be5ba6ec8,PIEDRAS BLANCAS - ISLA SAN CRISTOBAL,-0.79127,-89.48847,MARINO,,,
f8760cac-1603-11e5-b350-6c3be5ba6ec8,LOS BARRANCOS - ISLA PINTA,0.5811,-90.78637,MARINO,,,
fa0f93dc-156b-11e5-b194-6c3be5ba6ec8,CANA PARADA,-1.25961,-90.49679,MARINO,,,
"388f9852-7341-41e1-bca2-d256008ba991",LA LIBERTAD,,,,,,
"93919124-15f6-11e5-860a-6c3be5ba6ec8",PUNTA BLANCA,,,MARINO,,,
"7ba6b300-205a-11e5-ab28-6c3be5ba6ec8",PALO BLANCO - SANTA CRUZ,,,,,,
"7c308636-160d-11e5-80ee-6c3be5ba6ec8",MATAMBRE,-0.95585,-89.5428,MARINO,,,
"8263a52c-160f-11e5-80ee-6c3be5ba6ec8",VEINTE VARAS,-0.9409,-89.5906,MARINO,,,
f4341ce8-a8e3-11e4-b90f-6c3be5ba6ec8,ISLA ALBANY,,,TERRESTRE,,,
f437dd2e-a8e3-11e4-8992-6c3be5ba6ec8,PLAYA TORTUGA NEGRA,,,TERRESTRE,,,
f438d8dc-a8e3-11e4-a327-6c3be5ba6ec8,PTA. TAMAYO,,,,,,
f43a5fb8-a8e3-11e4-975e-6c3be5ba6ec8,ROCA RATA,,,,,,
f439fe24-a8e3-11e4-946b-6c3be5ba6ec8,ROCA BAINBRIDGE #8,,,,,,
"30badeca-a297-4049-9098-cf0aebb85116",MANGLECITO,-0.826744,-89.542407,TERRESTRE,,APROVECHAMIENTO SUSTENTABLE,RECREATIVA
f4318e06-a8e3-11e4-ab84-6c3be5ba6ec8,C. VISITANTES M. CIFUENTES,,,TERRESTRE,,,
f431a184-a8e3-11e4-92e7-6c3be5ba6ec8,CABO BERKELEY,-0.00995,-91.60487,MARINO,,,
f431b49e-a8e3-11e4-9f58-6c3be5ba6ec8,CABO COWAN,,,MARINO,,,
f43ae4d8-a8e3-11e4-8e60-6c3be5ba6ec8,VOLCAN DARWIN,,,TERRESTRE,,,
f43acdcc-a8e3-11e4-98b4-6c3be5ba6ec8,VIA CANAL ITABACA,,,,,,
f4356922-a8e3-11e4-a41a-6c3be5ba6ec8,ISLOTE GUY FAWKES NORTE,,,,,,
"0fd6333e-2f01-11e5-9aff-6c3be5ba6ec8",NORESTE,-1.278200000,-90.49330000,,,,
ad81b1ea-156f-11e5-b194-6c3be5ba6ec8,PAVILO,-1.31074,-90.37907,MARINO,,,
b082700c-156d-11e5-b194-6c3be5ba6ec8,LA ENCENADA,-1.3475,-90.4064,MARINO,,,
b2cc494a-160e-11e5-80ee-6c3be5ba6ec8,PUNTA JELY,-0.81703,-89.51375,MARINO,,,
f435801a-a8e3-11e4-9431-6c3be5ba6ec8,ISLOTE LA FE,,,,,,
b0870814-156e-11e5-b194-6c3be5ba6ec8,FLOREANA - ISLA FLOREANA,,,MARINO,,,
"8353949e-18bb-45ee-a3aa-8d0f77c7dbf5",PUNTA VICENTE ROCA,-0.057006,-91.556789,MARINO,,CONSERVACIÓN,NATURAL
e285b906-b652-11e6-ad6e-000c29e38a2f,UNIDAD TÉCNICA OPERATIVA SAN CRISTÓBAL,,,,,,
"5370ee82-9c29-4a7c-a2bd-195249911b27",PLAYA BAQUERIZO,-0.881783,-89.597382,TERRESTRE,,TRANSICIÓN,RECREATIVA
"5cb01c34-b83a-41a9-a41a-b7cc52ea434a",ISLOTE TORTUGA OESTE,-1.026496,-90.880887,MARINO,,,
"5033570c-b18f-46f5-896d-7d16f8ae8439",BAJO BAZÁN,-0.744597,-90.3016083,MARINO,,APROVECHAMIENTO SUSTENTABLE,RECREATIVA
f43039c0-a8e3-11e4-94b8-6c3be5ba6ec8,BAHÍA BORRERO,-0.512861,-90.390583,TERRESTRE,,CONSERVACIÓN,CERCANA
"75080154-1617-11e5-bf65-6c3be5ba6ec8",PUERTO NUEVO,-0.2872,-90.855,MARINO,,,
f42fcc6a-a8e3-11e4-8654-6c3be5ba6ec8,ALEMANIA,,,TERRESTRE,,,
f42fd6ec-a8e3-11e4-aa9d-6c3be5ba6ec8,ARRECIFE ANTIGUA,,,MARINO,,,
f4349a4c-a8e3-11e4-8610-6c3be5ba6ec8,ISLOTE AYORA,,,,,,
f4349fe2-a8e3-11e4-9469-6c3be5ba6ec8,ISLOTE BEAGLE,,,MARINO,,,
"2af743c2-15f4-11e5-860a-6c3be5ba6ec8",LOS CANONES,-0.29851,-91.35819,MARINO,,,
"5507f316-15f2-11e5-860a-6c3be5ba6ec8",IGUANA,-0.95519,-91.461,MARINO,,,
"535ca768-30c4-11e5-ae70-6c3be5ba6ec8",EMBARCADERO Y CONCHA PERLA,,,"",,,
acf0b9fe-2efd-11e5-9aff-6c3be5ba6ec8,PUERTO GRANDE - ISLA ESPAÑOLA,-1.3507,-89.6588,"",,,
"579b3598-14a8-11e5-b2ab-6c3be5ba6ec8",ALCEDO,-0.288889,-91.097222,MARINO,,,
f4365558-a8e3-11e4-b726-6c3be5ba6ec8,KM 33,,,TERRESTRE,,,
e0ad47f8-1567-11e5-b194-6c3be5ba6ec8,LA VENTANA,,,MARINO,,,
f43af68a-a8e3-11e4-8b01-6c3be5ba6ec8,VOLCAN WOLF,,,TERRESTRE,,,
f4338c88-a8e3-11e4-840e-6c3be5ba6ec8,EL CARMEN,,,TERRESTRE,,,
"06331168-1533-11e5-9608-6c3be5ba6ec8",BAJO 90,,,MARINO,,,
e6216f12-30aa-11e5-bd87-6c3be5ba6ec8,POST OFFICE,,,,,,
f438f7ea-a8e3-11e4-9b95-6c3be5ba6ec8,PUERTO BAQUERIZO MORENO,-0.89781,-89.60878,MARINO,,,
"06bad650-15f3-11e5-860a-6c3be5ba6ec8",LA SARDINA,0.08148,-91.49304,MARINO,,,
"0a63e2e4-1614-11e5-bf65-6c3be5ba6ec8",PIEDRA BLANCA Y ROSADA - ISLA SANTA CRUZ,-0.69,-90.1667,MARINO,,,
"0c027968-2eff-11e5-9aff-6c3be5ba6ec8",LOS BARRANCOS - ISLA FERNANDINA,-1.402200000,-89.70910000,,,,
a3984b22-15f5-11e5-860a-6c3be5ba6ec8,PIEDRA AHOGADA DE ISABELA,,,MARINO,,,
f4336488-a8e3-11e4-b5a3-6c3be5ba6ec8,DAPHNE MENOR - ISLA BALTRA,,,,,,
f43375d6-a8e3-11e4-a657-6c3be5ba6ec8,EL AVION,,,TERRESTRE,,,
"3e76d2f2-1606-11e5-b350-6c3be5ba6ec8",BANCO RUSO,-1.1528,-89.8323,MARINO,,,
"40e8b078-15f2-11e5-860a-6c3be5ba6ec8",HORTENCIA,-0.9713,-90.9513,MARINO,,,
"2191e354-1613-11e5-bf65-6c3be5ba6ec8",LAS CRUCES,,,MARINO,,,
"324b60a4-47b4-48fa-8135-371578784f8e",CASA DE LA BARONESA,-1.230797,-90.442893,TERRESTRE,,CONSERVACIÓN,NATURAL EQUIPADA
"00eb4032-3099-11e5-afe0-6c3be5ba6ec8",PARTE SUROESTE - ISLA SANTA FE,-0.831070000,-90.08995000,,,,
"0230f602-156f-11e5-b194-6c3be5ba6ec8",LAS TABLAS - ISLA FLOREANA,-1.2783,-90.3509,MARINO,,,
"02a5037a-2f06-11e5-9aff-6c3be5ba6ec8",NORESTE DE ISABELA,0.078700000,-91.11290000,,,,
f43386de-a8e3-11e4-9758-6c3be5ba6ec8,EL CACO,,,TERRESTRE,,,
"819469d3-c35f-4bed-8a92-cead74b23c67",PUNTA ESTRADA,-0.760666,-90.30485,MARINO,,APROVECHAMIENTO SUSTENTABLE,RECREATIVA
c8ef969a-ebc7-44f3-8aed-a26b74d698d6,ROCA BALLENA,-0.9544447,-89.6116269,MARINO,,APROVECHAMIENTO SUSTENTABLE,POR DETERMINAR
f42fb702-a8e3-11e4-8b72-6c3be5ba6ec8,AEROPUERTO,,,TERRESTRE,,,
f43a9fdc-a8e3-11e4-ae54-6c3be5ba6ec8,SANTA ROSA,,,TERRESTRE,,,
"742592d4-3097-11e5-afe0-6c3be5ba6ec8",BALTRA,-0.405200000,-90.27770000,,,,
"795f77d1-85ee-4c63-9997-c856bd98dc6e",PLAYA OCHOA,-0.863161,-89.571061,TERRESTRE,BAJA,APROVECHAMIENTO SUSTENTABLE,RECREATIVA
"1ea47a8a-1604-11e5-b350-6c3be5ba6ec8",PIEDRA BLANCA Y ROSADA - ISLA PINTA,0.616,-90.744,MARINO,,,
ec310325-cc3c-45fa-b82c-0c33bbb1415d,ROCA SIN NOMBRE,-0.6703,-90.585608,MARINO,,CONSERVACIÓN,POR DETERMINAR
"6ea66483-f264-41ea-89bf-046726700138",PLAYA GRANDE,-0.960411,-90.980481,MARINO,,TRANSICIÓN,RECREATIVA
"2635d5e2-160d-11e5-80ee-6c3be5ba6ec8",LAS TORRES,,,MARINO,,,
"3ab6eda4-160c-11e5-80ee-6c3be5ba6ec8",LA DRAGA,-0.87141,-89.804705,MARINO,,,
f43853c6-a8e3-11e4-bbfc-6c3be5ba6ec8,PTA. ENSILLADA,,,MARINO,,,
f438650a-a8e3-11e4-82f7-6c3be5ba6ec8,PUNTA ESSEX,-0.98813,-91.45704,MARINO,,,
f4387072-a8e3-11e4-978c-6c3be5ba6ec8,PUNTA FLORES,0.10139,-91.49028,MARINO,,,
f438f20e-a8e3-11e4-84eb-6c3be5ba6ec8,PUNTA WRECK,-0.9153,-89.6366,MARINO,,,
f561c940-309b-11e5-afe0-6c3be5ba6ec8,HERRADURA,1.379666670,-91.81181667,,,,
"06d45c12-6507-4358-ac07-7e09219eeccd",PUNTA CAROLA,-0.889999,-89.612501,TERRESTRE,,TRANSICIÓN,RECREATIVA
"0427bf14-1573-11e5-b179-6c3be5ba6ec8",EL ESTERO,-0.960889,-90.986889,MARINO,,TRANSICIÓN,RECREATIVA
"43725ab0-c59d-423e-9b1b-b22d1db97fb6",BAHÍA PINGUINO,-0.599136111,-90.65436667,MARINO,,CONSERVACIÓN,NATURAL
"27a9b38c-6e72-448d-a3fe-fa5e36736a89",PUNTA CARRIÓN EXTERIOR,-0.481011,-90.250662,MARINO,,APROVECHAMIENTO SUSTENTABLE,POR DETERMINAR
"37569234-2d79-4478-9c0c-125f7c88cfdb",LAGUNA DE LAS NINFAS,-0.747649,-90.316377,TERRESTRE,,TRANSICIÓN,RECREATIVA
f691ff64-1611-11e5-80ee-6c3be5ba6ec8,EL FARO - ISLA SANTA CRUZ,-0.7679,-90.3128,MARINO,,,
f4317ae2-a8e3-11e4-80be-6c3be5ba6ec8,C. CRIANZA ARNALDO TUPIZA,,,TERRESTRE,,,
f4319784-a8e3-11e4-870d-6c3be5ba6ec8,CABO BARRINGTON,,,MARINO,,,
"9e814d3c-156e-11e5-b194-6c3be5ba6ec8",LA GIGANTE,-1.2694,-90.43523,MARINO,,,
"1b026506-15f3-11e5-860a-6c3be5ba6ec8",LA UNION,-1.02,-91.1,MARINO,,,
f43b07b0-a8e3-11e4-a433-6c3be5ba6ec8,ZONA SUR,,,TERRESTRE,,,
"1efe7660-156f-11e5-b194-6c3be5ba6ec8",LOBERÍA ESTE,-1.2881,-90.4968,MARINO,,,
"2006c294-1617-11e5-bf65-6c3be5ba6ec8",LAS CAMPEONAS,-0.2026,-90.6307,MARINO,,,
"2287664c-15f2-11e5-860a-6c3be5ba6ec8",ENSENADA,-0.72072,-90.80723,MARINO,,,
"22bffca0-156b-11e5-b194-6c3be5ba6ec8",BAJO HANCOCK - ISLA FLOREANA,-1.08333,-90.216667,MARINO,,,
"2427174e-1616-11e5-bf65-6c3be5ba6ec8",LA BAHÍA,-0.8051,-90.03043,MARINO,,,
"2510a352-1c45-11e5-901f-6c3be5ba6ec8",PLAYA DE LOS PERROS - SANTA CRUZ,,,,,,
"25e68698-15f6-11e5-860a-6c3be5ba6ec8",POZA DE LOS CHINOS / LOS MANGLES,,,MARINO,,,
"2b520cea-2a70-11e5-b61f-6c3be5ba6ec8",CULPEPPER,1.67189,-91.99655,,,,
a7b6c940-1613-11e5-bf65-6c3be5ba6ec8,MUELLE DE ITABACA,-0.48233,-90.26734,MARINO,,,
"311d30f2-1565-11e5-b194-6c3be5ba6ec8",CANAL DE BALTRA - ITABACA,-0.43778,-90.25513,MARINO,,,
"316422a2-3098-11e5-afe0-6c3be5ba6ec8",FRENTE AL SITIO DE VISITA,-0.802150000,-90.03063000,,,,
"3264e95e-2f06-11e5-9aff-6c3be5ba6ec8",NOROESTE DE ISABELA,0.068700000,-91.72380000,,,,
be301b4f-6256-4c3a-ad8b-12171c50c20d,ROCA COUSIN,-0.235997,-90.5748972,MARINO,,CONSERVACIÓN,NATURAL
f43a6b34-a8e3-11e4-a16d-6c3be5ba6ec8,ROCA REDONDA - ISLA BARTOLOME,,,,,,
"91abfdde-1b58-409a-b27c-b19cef18b0d0",ROCA REDONDA,0.26925,-91.626244,MARINO,,APROVECHAMIENTO SUSTENTABLE,NATURAL
"55002240-2f00-11e5-9aff-6c3be5ba6ec8",LA BOTELLA,-1.290273,-90.498678,MARINO,,APROVECHAMIENTO SUSTENTABLE,POR DETERMINAR
f43a7cd2-a8e3-11e4-a12d-6c3be5ba6ec8,ROCA UNION - ISLA ISABELA,-1.03944,-91.0943,MARINO,,,
"2cc91f09-5e7a-4689-ba29-173bad865ee6",ISLOTE DUMB,-0.591658,-90.683958,MARINO,,CONSERVACIÓN,NATURAL EQUIPADA
"2b69640a-156f-11e5-b194-6c3be5ba6ec8",LOBERÍA OESTE,-1.32435,-90.514416,MARINO,,,
"22009234-1615-11e5-bf65-6c3be5ba6ec8",SEYMOUR NORTE - ISLA SANTA CRUZ,-0.38917,-90.28343,MARINO,,,
f432bb1e-a8e3-11e4-aa17-6c3be5ba6ec8,CERRO BALLENA - ISLA ISABELA,,,,,,
f4350770-a8e3-11e4-bbf5-6c3be5ba6ec8,ISLOTE CUATRO HERMANOS OESTE,,,TERRESTRE,,,
b84329fe-3097-11e5-afe0-6c3be5ba6ec8,PLAYA ESCONDIDA,-0.708997,-90.2272056,TERRESTRE,,APROVECHAMIENTO SUSTENTABLE,POR DETERMINAR
"35e6f566-1603-11e5-b350-6c3be5ba6ec8",PIEDRA BLANCA,0.37831,-90.52111,MARINO,,,
"3768fb4e-15f6-11e5-860a-6c3be5ba6ec8",POZA DE LOS PATILLOS,-0.46927,-91.61161,MARINO,,,
"38a794fe-1617-11e5-bf65-6c3be5ba6ec8",LOS BARRANCOS DE BUCANERO,-0.18085,-90.83854,MARINO,,,
f438763a-a8e3-11e4-bf28-6c3be5ba6ec8,PUNTA GARCIA - ISLA ISABELA,-0.3039,-91.0875,MARINO,,,
f4387c98-a8e3-11e4-840d-6c3be5ba6ec8,PTA. LOBERÍA - ISLA ISABELA,,,MARINO,,,
"3b8cd58c-160b-11e5-80ee-6c3be5ba6ec8",CERRO MUNDO,-0.8699,-89.58305,MARINO,,,
"13e9c477-7ebe-4bd7-923c-5e51b87d4e35",ISLOTE CHAMPION,-1.237129,-90.386972,MARINO,,CONSERVACIÓN,NATURAL
"3c4df120-14af-11e5-850a-6c3be5ba6ec8",RUTA EL EMBARCADERO,-0.965,-90.976,MARINO,,TRANSICIÓN,POR DETERMINAR
f43225e6-a8e3-11e4-8569-6c3be5ba6ec8,CALERA,-0.963583,-90.956152,TERRESTRE,,APROVECHAMIENTO SUSTENTABLE,RECREATIVA
f4377384-a8e3-11e4-814b-6c3be5ba6ec8,PIEDRAS BLANCAS - ISLA ISABELA,0.1341,-91.3921,MARINO,,,
"4164f5b0-6bdb-4a4c-93f7-3e1a9cd4da5d",ISLOTE CUATRO HERMANOS,-0.8679,-90.7737,MARINO,,CONSERVACIÓN,NATURAL EQUIPADA
f4385f56-a8e3-11e4-b8c3-6c3be5ba6ec8,PUNTA ESPINOZA,-0.269358,-91.448615,TERRESTRE,,CONSERVACIÓN,NATURAL
f6c664aa-15f5-11e5-860a-6c3be5ba6ec8,PLAYA DEL MUERTO - ISLA ISABELA,-0.1055,-91.1833,MARINO,,,
a088d292-160b-11e5-80ee-6c3be5ba6ec8,BAJO FRENTE AL CANON,,,,,,
a08ce96c-14a9-11e5-b2ab-6c3be5ba6ec8,ANGELITA,-0.99697,-91.01602,MARINO,,,
"17295122-15f5-11e5-860a-6c3be5ba6ec8",LOS MANGLES / PUNTA MANGLE / POZA DE LOS CHINOS,-0.395246,-91.2501,MARINO,,,
"5bb26328-1565-11e5-b194-6c3be5ba6ec8",BOTELLA,1.67189,-91.99655,MARINO,,,
f4326696-a8e3-11e4-86f9-6c3be5ba6ec8,CALETA TAGUS,-0.260094,-91.36959,TERRESTRE,BAJA,CONSERVACIÓN,NATURAL EQUIPADA
f433cc48-a8e3-11e4-8168-6c3be5ba6ec8,EL PELIGRO (P),,,TERRESTRE,,,
f43323ce-a8e3-11e4-86e3-6c3be5ba6ec8,CERRO TIJERETAS,-0.887567,-89.60885,MARINO,MEDIA,APROVECHAMIENTO SUSTENTABLE,CERCANA
f4338134-a8e3-11e4-b9b2-6c3be5ba6ec8,EL BARRANCO ,0.302627,-89.951487,TERRESTRE,,CONSERVACIÓN,NATURAL
fc6904db-f594-4955-9e7c-a409c06e8bd3,ISLOTE ALBANY,-0.174556,-90.8470417,MARINO,,CONSERVACIÓN,POR DETERMINAR
d932433f-4bca-4e8e-8869-901e94dce903,LEÓN DORMIDO,-0.7756806,-89.518006,MARINO,,APROVECHAMIENTO SUSTENTABLE,NATURAL EQUIPADA
e17b31dd-e8ed-498f-976c-90bca228099d,PUNTA MEJÍA,0.3692,-90.5302999999999,MARINO,,CONSERVACIÓN,NATURAL
"8ce351bd-300c-4ce8-8b70-cfa266dbbd5f",SEYMOUR NORTE,-0.400384,-90.2894534,TERRESTRE,BAJA,CONSERVACIÓN,NATURAL EQUIPADA
"2bc3186a-160f-11e5-80ee-6c3be5ba6ec8",ROSA BLANCA,-0.842495,-89.352716,MARINO,,,
"2c119c88-1533-11e5-9608-6c3be5ba6ec8",VOLQUETAS DE RIPIO,,,MARINO,,,
"2cd3e2d2-298a-11e5-a4f1-6c3be5ba6ec8",ISABELA NORESTE,,,MARINO,,,
f4304e92-a8e3-11e4-b9cd-6c3be5ba6ec8,BAHÍA CORMORANT,,,MARINO,,,
f43057fc-a8e3-11e4-a700-6c3be5ba6ec8,BAHÍA DARWIN - ROCA VIUDA,,,TERRESTRE,,,
f43a3d3a-a8e3-11e4-b37d-6c3be5ba6ec8,ROCA DURA - ROCA GORDON,,,,,,
f430a5e0-a8e3-11e4-ae12-6c3be5ba6ec8,BAHÍA HOBBS,,,MARINO,,,
f430af54-a8e3-11e4-a136-6c3be5ba6ec8,BAHÍA JAMES,-0.2032,-90.8449,MARINO,,,
f430b936-a8e3-11e4-9824-6c3be5ba6ec8,BAHÍA LA MADRID,,,MARINO,,,
f430c2b4-a8e3-11e4-8384-6c3be5ba6ec8,LADILLA,-0.28955,-90.92695,MARINO,,,
eba808dc-15f3-11e5-860a-6c3be5ba6ec8,LOBERÍA CHICA,-0.975583,-90.954166,MARINO,,APROVECHAMIENTO SUSTENTABLE,RECREATIVA
f43abc6a-a8e3-11e4-af3c-6c3be5ba6ec8,TORTUGA BAY,-0.763157,-90.341874,TERRESTRE,BAJA,APROVECHAMIENTO SUSTENTABLE,RECREATIVA
f43a82b8-a8e3-11e4-8fa9-6c3be5ba6ec8,ROCA VIUDA,,,,,,
f43748fa-a8e3-11e4-a630-6c3be5ba6ec8,MIRADOR DEL MANGO,-0.883618,-91.013909,TERRESTRE,,TRANSICIÓN,RECREATIVA
f439208a-a8e3-11e4-abbc-6c3be5ba6ec8,PUERTO CHINO,-0.926393,-89.428729,TERRESTRE,,TRANSICIÓN,RECREATIVA
"50f9b4f5-e5a6-4f14-85f2-d729e8c91f18",PUERTO COCA,0.001467,-91.225944,MARINO,,CONSERVACIÓN,NATURAL
"5bcd5ce2-15f5-11e5-860a-6c3be5ba6ec8",MORANDUNGA,,,MARINO,,,
"5c86be52-1533-11e5-9608-6c3be5ba6ec8",SUR DE LA ISLA - ISLA WOLF,1.37462,-91.81562,MARINO,,,
"5d0b444e-1572-11e5-b179-6c3be5ba6ec8",CALETA TORTUGA NEGRA - ISLA ISABELA,,,MARINO,,,
"5d372b6e-1616-11e5-bf65-6c3be5ba6ec8",SANTA FE OESTE,-0.81082,-90.0885,MARINO,,,
f438b082-a8e3-11e4-8edd-6c3be5ba6ec8,PUNTA NORTE,,,,,,
"61582e3a-160e-11e5-80ee-6c3be5ba6ec8",PUERTO LAS TABLAS,-0.7556,-89.2644,MARINO,,,
"6f09ade6-1605-11e5-b350-6c3be5ba6ec8",LADO SUR,-0.435,-90.707,MARINO,,,
"6fdf3934-2fc8-11e5-aecf-6c3be5ba6ec8",EL FARO,-0.964080000,-90.96005000,,,,
"737b2446-1613-11e5-bf65-6c3be5ba6ec8",LOS MANZANILLOS,-0.73309,-90.4665,MARINO,,,
"7f43a938-1613-11e5-bf65-6c3be5ba6ec8",MONTE VERDE,-0.5243,-90.2166,MARINO,,,
"94673fb4-15f5-11e5-860a-6c3be5ba6ec8",PATRULLERA,0.06442,-91.50484,MARINO,,,
f439ecf4-a8e3-11e4-8157-6c3be5ba6ec8,ROCA BAINBRIDGE #5,,,,,,
f439f2da-a8e3-11e4-b7b2-6c3be5ba6ec8,ROCA BAINBRIDGE #6,,,,,,
f43a040a-a8e3-11e4-86e9-6c3be5ba6ec8,ROCA BALLENA - ROCA BEAGLE OESTE,,,,,,
f43a1ac6-a8e3-11e4-a4fa-6c3be5ba6ec8,ROCA BEAGLE SUR,,,,,,
f43a2066-a8e3-11e4-a64d-6c3be5ba6ec8,ROCA BLANCA - ISLA ISABELA,,,,,,
f43a2c0a-a8e3-11e4-8d1e-6c3be5ba6ec8,ROCA BURRA (VIUDA),,,,,,
f43a31e6-a8e3-11e4-8474-6c3be5ba6ec8,ROCA CARLA,,,,,,
f43a379a-a8e3-11e4-ad9d-6c3be5ba6ec8,ROCA DALRYMPLE,,,,,,
f43824e6-a8e3-11e4-baba-6c3be5ba6ec8,PTA. CARRION,,,,,,
"269ecd94-067e-48cc-a709-eece3bf297ed",CALETA BUCANERO,-0.171615,-90.829593,MARINO,,CONSERVACIÓN,NATURAL
"7aee3f10-15f5-11e5-860a-6c3be5ba6ec8",OREJA DEL BURRO,-0.02971,-91.57567,MARINO,,,
f43451fe-a8e3-11e4-8139-6c3be5ba6ec8,ISLA GARDNER - ESPAÑOLA,-1.345016,-89.644825,MARINO,,CONSERVACIÓN,NATURAL
"90f0b25c-1613-11e5-bf65-6c3be5ba6ec8",MOSQUERA,-0.4052,-90.2777,MARINO,,,
"7122ac98-2efd-11e5-9aff-6c3be5ba6ec8",LA HERRADURA - ISLA ESPAÑOLA,-1.4091,-89.6616,MARINO,,,
"82d1331c-1605-11e5-b350-6c3be5ba6ec8",NORTE DE LA ISLA - ISLA RABIDA,-0.39842,-90.70177,MARINO,,,
"834a4064-30c6-11e5-ae70-6c3be5ba6ec8",TINTORERAS Y LOBERÍA CHICA,,,,,,
"8427eef0-d2fc-11e4-9652-6c3be5ba6ec8",CONTROL SANTA ROSA,,,TERRESTRE,,,
"847effe6-156f-11e5-b194-6c3be5ba6ec8",MONTURA,-1.31956,-90.51074,MARINO,,,
"84c2c7aa-30c5-11e5-ae70-6c3be5ba6ec8",TINTORERAS - ISLA ISABELA,,,,,,
f4314a9a-a8e3-11e4-947c-6c3be5ba6ec8,CANAL BOLIVAR,-0.38197,-91.34338,MARINO,,,
f433c694-a8e3-11e4-961c-6c3be5ba6ec8,EL OCCIDENTE,,,TERRESTRE,,,
f43b01f2-a8e3-11e4-80aa-6c3be5ba6ec8,ZONA D,,,TERRESTRE,,,
"6f9eabce-18f0-11e5-adee-6c3be5ba6ec8",EL CHATO 2,,,,,,
f436fd8c-a8e3-11e4-b33c-6c3be5ba6ec8,LOS GEMELOS,-0.625888,-90.3847522,TERRESTRE,,CONSERVACIÓN,CERCANA
f43ac804-a8e3-11e4-b603-6c3be5ba6ec8,VENECIA,-0.514,-90.4798,MARINO,,,
"88683e9c-1565-11e5-b194-6c3be5ba6ec8",EL ARCO - DARWIN,1.6812,-92.0001,MARINO,,,
"2ad4f252-30a9-11e5-bd87-6c3be5ba6ec8",PUNTA SUAREZ - PLAYA BAHÍA GARDNER,,,,,,
f439e754-a8e3-11e4-95a8-6c3be5ba6ec8,ROCA BAINBRIDGE #4,,,,,,
d10fcadc-30bf-11e5-ae70-6c3be5ba6ec8,PLAYA NEGRA - ISLA FLOREANA,,,,,,
d2c5c8fc-1532-11e5-9608-6c3be5ba6ec8,BAJO 89,,,MARINO,,,
d410b3ce-15f1-11e5-860a-6c3be5ba6ec8,EL PALO,,,MARINO,,,
a1762ab6-1565-11e5-b194-6c3be5ba6ec8,VENTANA,1.66924,-91.99836,MARINO,,,
a2561bf8-15f1-11e5-860a-6c3be5ba6ec8,EL MUNECO SUR,-0.93874,-91.49262,MARINO,,,
a2743540-160d-11e5-80ee-6c3be5ba6ec8,PALO DE BALSA,-0.9554,-89.5136,MARINO,,,
f4383102-a8e3-11e4-97c6-6c3be5ba6ec8,PUNTA CHOCABUCO,-0.9063,-89.6283,MARINO,,,
a47fa81a-156d-11e5-b194-6c3be5ba6ec8,LA BOTELLA MEDIANA,-1.29001,-90.4992,MARINO,,,
"03349fdc-15f5-11e5-860a-6c3be5ba6ec8",LOS LETREROS,-0.218,-91.1731,MARINO,,,
f43540be-a8e3-11e4-9855-6c3be5ba6ec8,ISLOTE FARO (VILLAMIL),,,,,,
f435469a-a8e3-11e4-8e03-6c3be5ba6ec8,ISLOTE FONDIADERO (VILLAMIL),,,TERRESTRE,,,
c665ee8c-15f2-11e5-860a-6c3be5ba6ec8,LA BASE,0.1422,-91.37701,MARINO,,,
f4306152-a8e3-11e4-9b9e-6c3be5ba6ec8,BAHÍA DARWIN - ISLA GENOVESA,0.3021,-89.95795,,,,
"0684dbea-7f00-0010-0820-0000cc1d1901",PUNTA BOWDITCH,-0.542086,-90.512153,TERRESTRE,,,
f4369aa4-a8e3-11e4-b2ae-6c3be5ba6ec8,LA LOBERÍA - ISLA SAN CRISTÓBAL,-0.927445,-89.61166,TERRESTRE,BAJA,TRANSICIÓN,RECREATIVA
f434f60e-a8e3-11e4-8634-6c3be5ba6ec8,ISLOTE CROSSMAN (4 HERMANOS),,,MARINO,,,
f3f94b22-3092-11e5-afe0-6c3be5ba6ec8,PUNTA ESTE,-0.890300000,-89.36110000,,,,
f4384dcc-a8e3-11e4-8f39-6c3be5ba6ec8,EL MIEDO,-0.8404,-90.0434,MARINO,,,
dc6f658e-ff6e-41c0-b799-1e44e59dbba0,ROCAS GORDON,-0.5674,-90.1445,MARINO,,CONSERVACIÓN,NATURAL EQUIPADA
e824280a-b7df-11e6-9c72-000c29e38a2f,PUERTO AYORA,,,MARINO,,,
f43aa5a4-a8e3-11e4-a9b3-6c3be5ba6ec8,SEYMOUR NORTE - ISLA BALTRA,,,MARINO,,,
f43ab6b6-a8e3-11e4-99d3-6c3be5ba6ec8,SOMBRERO CHINO - ISLA SANTIAGO,-0.3671,-90.58412,MARINO,,,
"18963812-2f00-11e5-9aff-6c3be5ba6ec8",CERRO COLORADO - ISLA FLOREANA,-0.523300000,-91.18500000,,,,
"5470d75a-1616-11e5-bf65-6c3be5ba6ec8",SANTA FE ESTE,-0.86993,-89.97366,MARINO,,,
"85927720-156d-11e5-b194-6c3be5ba6ec8",LA BOTELLA CHICA,-1.23599,-90.48066,MARINO,,,
"85c3be18-160b-11e5-80ee-6c3be5ba6ec8",COLORADO - ISLA SAN CRISTOBAL,-0.7942,-89.3058,MARINO,,,
"885dc8fc-2f07-11e5-9aff-6c3be5ba6ec8",PUERTO CHINO - ISLA ISABELA,-0.929300000,-89.42660000,,,,
f4335e98-a8e3-11e4-a861-6c3be5ba6ec8,DAPHNE MAYOR - ISLA BALTRA,,,,,,
f4312380-a8e3-11e4-8b4a-6c3be5ba6ec8,BAJO HANCOCK - ISLA SANTA FE,,,,,,
f4312da8-a8e3-11e4-a776-6c3be5ba6ec8,BAJO MACGOWEN (BANCO RUSO),,,,,,
f43137bc-a8e3-11e4-87f2-6c3be5ba6ec8,BARRANCO,,,TERRESTRE,,,
"7b2da5ee-160c-11e5-80ee-6c3be5ba6ec8",LAS NEGRITAS,-0.94788,-89.58696,MARINO,,,
f434410a-a8e3-11e4-9119-6c3be5ba6ec8,ISLA DARWIN,,,TERRESTRE,,,
f435cac0-a8e3-11e4-bdd8-6c3be5ba6ec8,ISLOTE MARIELAS SUR,,,,,,
"0654dad6-1570-11e5-b194-6c3be5ba6ec8",PLAYA DE LOS PERROS - ISLA FLOREANA,-1.2972,-90.36,MARINO,,,
f4380218-a8e3-11e4-8b6c-6c3be5ba6ec8,PTA. ALBATROS,,,MARINO,,,
f430cc28-a8e3-11e4-b426-6c3be5ba6ec8,BAHÍA PLAYA PRIETA,,,MARINO,,,
f430e960-a8e3-11e4-b3d1-6c3be5ba6ec8,BAHÍA STEPHENS,,,MARINO,,,
f43358ee-a8e3-11e4-b681-6c3be5ba6ec8,CUMPLEANOS,,,TERRESTRE,,,
"27c74c4a-2f05-11e5-9aff-6c3be5ba6ec8",ISABELA ESTE,-0.363350000,-90.99233000,,,,
f43836de-a8e3-11e4-b0db-6c3be5ba6ec8,PUNTA CORDOVA,-0.15665,-90.73737,MARINO,,,
f438425a-a8e3-11e4-bc4c-6c3be5ba6ec8,PUNTA CRISTOBAL,-0.91031,-91.5167,MARINO,,,
f43329a0-a8e3-11e4-9e31-6c3be5ba6ec8,CERRRO MONTURA,,,TERRESTRE,,,
f4398322-a8e3-11e4-a376-6c3be5ba6ec8,PUNTA PITT,-0.713124,-89.246648,TERRESTRE,,CONSERVACIÓN,NATURAL EQUIPADA
f4366c8c-a8e3-11e4-9591-6c3be5ba6ec8,LA CASETA (Z2),,,TERRESTRE,,,
f436ac92-a8e3-11e4-8125-6c3be5ba6ec8,LA TORTA (Z1),-0.7582,-90.42399,MARINO,,,
f4324f1c-a8e3-11e4-94f4-6c3be5ba6ec8,CALETA DEL NORTE,,,MARINO,,,
f435d060-a8e3-11e4-88ea-6c3be5ba6ec8,ISLOTE MOSQUERA - ISLA BALTRA,,,MARINO,,,
f435d614-a8e3-11e4-9023-6c3be5ba6ec8,ISLOTE MOSQUERA - ISLOTE MOSQUERA,,,,,,
f435dbaa-a8e3-11e4-bab5-6c3be5ba6ec8,ISLOTE MUELLE (VILLAMIL),,,,,,
f435e154-a8e3-11e4-8f3c-6c3be5ba6ec8,ISLOTE NOROESTE DE SANTA FE,,,,,,
e0b2f446-3ab5-11e5-9a30-6c3be5ba6ec8,FINCA VIVERO,,,TERRESTRE,,,
e12dfcd2-1610-11e5-80ee-6c3be5ba6ec8,BAJO DE SEYMOUR - ISLA SANTA CRUZ,,,MARINO,,,
"3b20e288-b654-11e6-b8ea-000c29e38a2f",CENTRO COMUNITARIO MIGUEL ANGEL CIFUENTES,,,,,,
f4320192-a8e3-11e4-8c5b-6c3be5ba6ec8,CABO ROSA,-1.05069,-91.17433,MARINO,,,
f43a09c8-a8e3-11e4-825e-6c3be5ba6ec8,ROCA BALLENA - ISLA SAN CRISTÓBAL,-0.9523,-89.5938,MARINO,,,
f4367de4-a8e3-11e4-8116-6c3be5ba6ec8,LA CUMBRE - ISLA FERNANDINA,,,TERRESTRE,,,
b8418b82-156a-11e5-b194-6c3be5ba6ec8,LAS CUEVAS - ISLA FERNANDINA,-0.27633,-91.506755,MARINO,,,
ea10ff7e-2f0c-11e5-9aff-6c3be5ba6ec8,NOROESTE - ISLA PINTA,0.625700000,-90.80310000,,,,
c28ab0f9-a886-4a82-9d24-15229cb0dad2,SENDERO LOS PULPOS,-1.26459,-90.487927,TERRESTRE,,TRANSICIÓN,RECREATIVA
f435e780-a8e3-11e4-bf29-6c3be5ba6ec8,ISLOTE NORTE DE WOLF,,,,,,
f435ed34-a8e3-11e4-980e-6c3be5ba6ec8,ISLOTE OESTE,,,,,,
f4364446-a8e3-11e4-b0e8-6c3be5ba6ec8,ISLOTE XARIFA,,,TERRESTRE,,,
f43277f8-a8e3-11e4-9376-6c3be5ba6ec8,CANAL DEL NORTE,,,MARINO,,,
f4328356-a8e3-11e4-bb1b-6c3be5ba6ec8,CAPITANIA,,,TERRESTRE,,,
f432af98-a8e3-11e4-a67a-6c3be5ba6ec8,CERRO ALIERI,,,TERRESTRE,,,
ae4030af-978d-420a-844c-7ee2b8c917cc,GUY FAWKES SUR,-0.5112,-90.5256,MARINO,,CONSERVACIÓN,NATURAL EQUIPADA
f4329800-a8e3-11e4-8b65-6c3be5ba6ec8,CARTAGO GRANDE,,,MARINO,,,
"3af66e4c-c7de-4b06-8c75-12ee315c86a2",PARED TIJERETAS,-0.8877781,-89.6116269,MARINO,,APROVECHAMIENTO SUSTENTABLE,POR DETERMINAR
f3413dd8-b652-11e6-ad6e-000c29e38a2f,OFICINA TECNICA ISABELA,,,,,,
f4328f18-a8e3-11e4-bcb4-6c3be5ba6ec8,CARTAGO CHICO,,,,,,
f4329df0-a8e3-11e4-803c-6c3be5ba6ec8,CARTAGO GRANDE ,,,TERRESTRE,,,
f4327da2-a8e3-11e4-95c8-6c3be5ba6ec8,CANAL ITABACA - CANAL DE BALTRA,,,MARINO,,,
ce97bd80-bc4a-4eaf-b817-1ad7420b0a5c,ISLOTE MOSQUERA,-0.403951674,-90.2779653999999,TERRESTRE,,CONSERVACIÓN,NATURAL
f43649e6-a8e3-11e4-8e4d-6c3be5ba6ec8,JABONCILLOS,,,TERRESTRE,,,
f432a3c2-a8e3-11e4-bfb4-6c3be5ba6ec8,CAZUELA (Z4),,,TERRESTRE,,,
"9d235d78-14ef-4804-82f9-03c511bc113a",PUNTA PUCUNA,-0.73535,-89.4330944,TERRESTRE,,APROVECHAMIENTO SUSTENTABLE,NATURAL EQUIPADA
f4320b10-a8e3-11e4-b739-6c3be5ba6ec8,CABO TRENTON,-0.35657,-90.55477,MARINO,,,
f4321fc4-a8e3-11e4-91a8-6c3be5ba6ec8,CABO WOODFORD,,,MARINO,,,
f43231bc-a8e3-11e4-bc2a-6c3be5ba6ec8,CALETA AEOLIAN,,,MARINO,,,
f4323dba-a8e3-11e4-99f8-6c3be5ba6ec8,CALETA BLACK - CALETA NEGRA,-0.200000000,-91.38890000,,,,
f43243b4-a8e3-11e4-8300-6c3be5ba6ec8,BUCANERO,-0.1647,-90.8354,MARINO,,,
f4324968-a8e3-11e4-8893-6c3be5ba6ec8,CALETA DE LA TORTUGA,,,MARINO,,,
f433070e-a8e3-11e4-a25b-6c3be5ba6ec8,CERRO MUELA GRANDE,,,TERRESTRE,,,
f4330cc2-a8e3-11e4-bb82-6c3be5ba6ec8,CERRO NEGRO,,,TERRESTRE,,,
f4331dde-a8e3-11e4-98fd-6c3be5ba6ec8,CERRO QUESO,,,TERRESTRE,,,
b3955735-58a6-47f0-869c-40387a379825,MURO DE LAS LÁGRIMAS,-0.9643937,-91.0134781,TERRESTRE,BAJA,APROVECHAMIENTO SUSTENTABLE,CERCANA
f501b13e-1612-11e5-bf65-6c3be5ba6ec8,LA TRANCA,-0.4888,-90.2946,MARINO,,,
"86209040-988d-4b00-9b87-c28eb8be6b2e",PUNTA NERUS,0.643375,-90.780136,MARINO,,CONSERVACIÓN,POR DETERMINAR
f431dad2-a8e3-11e4-9ca2-6c3be5ba6ec8,CABO IBETSON,0.53833,-90.716667,MARINO,,,
f431ee78-a8e3-11e4-b175-6c3be5ba6ec8,CABO NEPEAN,-0.3302,-90.8404,MARINO,,,
f431f81e-a8e3-11e4-abeb-6c3be5ba6ec8,CABO NORTE,-0.6806,-89.3519,MARINO,,,
ea997b24-1611-11e5-80ee-6c3be5ba6ec8,EL CHIQUERO,-0.7488,-90.2543,MARINO,,,
f43260ce-a8e3-11e4-b8a8-6c3be5ba6ec8,CALETA SAPPHO,,,MARINO,,,
f4326c72-a8e3-11e4-895e-6c3be5ba6ec8,CALETA TORTUGA NEGRA - ISLA SANTA CRUZ,,,MARINO,,,
f4327230-a8e3-11e4-b901-6c3be5ba6ec8,CALETA WEBB,,,MARINO,,,
f4331276-a8e3-11e4-8456-6c3be5ba6ec8,CERRO PAJA,,,TERRESTRE,,,
f432d28e-a8e3-11e4-93ee-6c3be5ba6ec8,C. CRIANZA CERRO COLORADO,,,TERRESTRE,,,
f432d888-a8e3-11e4-9e79-6c3be5ba6ec8,CERRO CROKER,,,TERRESTRE,,,
f4330150-a8e3-11e4-af7c-6c3be5ba6ec8,CERRO MUELA CHICO,,,TERRESTRE,,,
f4332fd6-a8e3-11e4-b0a4-6c3be5ba6ec8,CHORRO DE AGUA,,,MARINO,,,
f43341ba-a8e3-11e4-84a1-6c3be5ba6ec8,COPIANO,,,TERRESTRE,,,
f433a40c-a8e3-11e4-8323-6c3be5ba6ec8,ISLOTE EL EDEN,-0.57354,-90.53749,MARINO,,,
f4340028-a8e3-11e4-af1c-6c3be5ba6ec8,FONDEADERO NORTE,,,MARINO,,,
f43405d2-a8e3-11e4-989d-6c3be5ba6ec8,FONDEADERO WOLF,,,,,,
ebb85d24-b654-11e6-b8ea-000c29e38a2f,CENTRO COMUNITARIO - ISABELA,,,,,,
"61d44070-160d-11e5-80ee-6c3be5ba6ec8",MANGLESITO,-0.8139,-89.5417,MARINO,,,
f80fa2e8-15f2-11e5-860a-6c3be5ba6ec8,LA ROAL,-0.96693,-90.94502,MARINO,,,
"427b50c8-1613-11e5-bf65-6c3be5ba6ec8",LOS BARRANCOS - ISLA SANTA CRUZ,-0.7488,-90.2543,MARINO,,,
"42d90c1e-1603-11e5-b350-6c3be5ba6ec8",PLAYA NEGRA - ISLA MARCHENA,0.2982,-90.5103,,,,
"442f753a-1572-11e5-b179-6c3be5ba6ec8",CALETA SHIPTON,,,MARINO,,,
"4643981a-1617-11e5-bf65-6c3be5ba6ec8",MONTONES DE ARENA - ISLA SANTIAGO,-0.2083,-90.6,MARINO,,,
f431411c-a8e3-11e4-84be-6c3be5ba6ec8,BARTOLOME,-0.2802,-90.54608,MARINO,,,
f4331834-a8e3-11e4-b217-6c3be5ba6ec8,CERRO PALOMA,,,TERRESTRE,,,
f4325a98-a8e3-11e4-86f8-6c3be5ba6ec8,CALETA IGUANA,,,,,,
"4795d8ac-160f-11e5-80ee-6c3be5ba6ec8",SAN FRANCISCO,-0.9081,-89.3973,MARINO,,,
d86e16b6-160d-11e5-80ee-6c3be5ba6ec8,PIEDRA PUNTA DEL ESTE,-0.674,-89.248,MARINO,,,
d8d427a2-14b0-11e5-850a-6c3be5ba6ec8,BAHÍA PIPER,,,MARINO,,,
f4347b8e-a8e3-11e4-8664-6c3be5ba6ec8,ISLA SIN NOMBRE,-0.67050,-90.58730,,,,
f4348174-a8e3-11e4-810b-6c3be5ba6ec8,ISLA SOMBRERO CHINO,-0.36963,-90.58367,,,,
f434b176-a8e3-11e4-9648-6c3be5ba6ec8,ISLOTE CALETA BUCANERO,,,,,,
f434b720-a8e3-11e4-b848-6c3be5ba6ec8,ISLOTE CALETA TIBURON NORTE,,,,,,
f434bcca-a8e3-11e4-b434-6c3be5ba6ec8,ISLOTE CALETA TIBURON SUR,,,TERRESTRE,,,
f434c260-a8e3-11e4-b198-6c3be5ba6ec8,ISLOTE CAMPEON,,,TERRESTRE,,,
f434c832-a8e3-11e4-a24a-6c3be5ba6ec8,ISLOTE CAULE,,,MARINO,,,
f434d9c6-a8e3-11e4-8c00-6c3be5ba6ec8,ISLOTE CORONA DEL DIABLO ,,,TERRESTRE,,,
f434df66-a8e3-11e4-a225-6c3be5ba6ec8,ISLOTE COUSIN,,,MARINO,,,
f4345d84-a8e3-11e4-b1df-6c3be5ba6ec8,ISABELA,,,,,,
f434e52e-a8e3-11e4-a6bd-6c3be5ba6ec8,ISLOTE COUSINS,,,TERRESTRE,,,
f43397dc-a8e3-11e4-b30a-6c3be5ba6ec8,EL CHATO ,,,TERRESTRE,,,
f432fb38-a8e3-11e4-a116-6c3be5ba6ec8,CERRO MESA,,,TERRESTRE,,,
f4339232-a8e3-11e4-bb4e-6c3be5ba6ec8,EL CASCAJO,,,TERRESTRE,,,
f432f57a-a8e3-11e4-836c-6c3be5ba6ec8,CERRO HELECHOS,,,TERRESTRE,,,
f4334764-a8e3-11e4-85af-6c3be5ba6ec8,CORNER,,,TERRESTRE,,,
f432e9f4-a8e3-11e4-8abd-6c3be5ba6ec8,CERRO GALLINA (Z3),-0.7236,-90.4896,MARINO,,,
f433fa6a-a8e3-11e4-9c2c-6c3be5ba6ec8,FATAL (F),,,TERRESTRE,,,
f43683f2-a8e3-11e4-a8fb-6c3be5ba6ec8,LA CUMBRE - ISLA MARCHENA,,,TERRESTRE,,,
f4356f08-a8e3-11e4-8d85-6c3be5ba6ec8,ISLOTE GUY FAWKES OESTE,,,,,,
f43574bc-a8e3-11e4-9d7c-6c3be5ba6ec8,ISLOTE GUY FAWKES SUR,,,,,,
f435919a-a8e3-11e4-b5ff-6c3be5ba6ec8,ISLOTE LAS BAYAS GRANDE,,,,,,
f435978a-a8e3-11e4-bf9c-6c3be5ba6ec8,ISLOTE LAS BAYAS PEQUENA,,,,,,
f4359d34-a8e3-11e4-91ff-6c3be5ba6ec8,ISLOTE LAS CUEVAS ESTE,,,,,,
f435a2d4-a8e3-11e4-afc8-6c3be5ba6ec8,ISLOTE LAS CUEVAS OESTE,,,,,,
f435a874-a8e3-11e4-bb19-6c3be5ba6ec8,ISLOTE LAS MARIELAS,,,MARINO,,,
f435ae46-a8e3-11e4-b51d-6c3be5ba6ec8,LEON DORMIDO - ISLA SAN CRISTOBAL,-0.78,-89.52,MARINO,,,
f435b3fa-a8e3-11e4-968f-6c3be5ba6ec8,ISLOTE LOGIE,,,,,,
f435bf76-a8e3-11e4-8b82-6c3be5ba6ec8,ISLOTE MARIELAS ESTE,,,,,,
f435c52a-a8e3-11e4-8fdd-6c3be5ba6ec8,ISLOTE MARIELAS NORTE,,,,,,
ab5a30d6-9b75-4f39-8d9a-bd0f957d63e4,ESMERALDAS,,,,,,
c2e24a89-520d-46c7-a649-8e383d32c5d6,PUERTO BOLIVAR,,,,,,
b333f3fc-1572-11e5-b179-6c3be5ba6ec8,CERRO COLORADO - ISLA ISABELA,-0.49371,-91.20542,MARINO,,,
f437f638-a8e3-11e4-8f3e-6c3be5ba6ec8,POST OFFICE - LEON DORMIDO,,,TERRESTRE,,,
"457315f0-14b4-11e5-850a-6c3be5ba6ec8",SUROESTE WOLF,1.38663,-91.81064,MARINO,,,
"47f94dec-156f-11e5-b194-6c3be5ba6ec8",LOS BARRANCOS - ISLA FLOREANA,-1.343589,-90.48598,MARINO,,,
"488152ce-1573-11e5-b179-6c3be5ba6ec8",EL MONO,-0.725,-91.354,MARINO,,,
"49c7e96c-15f6-11e5-860a-6c3be5ba6ec8",PUERTO AZUL,-0.688,-90.83631,MARINO,,,
"4c541d16-2f0c-11e5-9aff-6c3be5ba6ec8",NORESTE - ISLA PINTA,0.625000000,-90.73490000,,,,
dbf6a678-15f3-11e5-860a-6c3be5ba6ec8,LAS TABLAS - ISLA ISABELA,-0.78,-90.79,MARINO,,,
dcf31b8a-1605-11e5-b350-6c3be5ba6ec8,ROCA BLANCA - ISLA RABIDA,-0.5503,-90.8573,,,,
b30eee24-15f7-11e5-860a-6c3be5ba6ec8,MARCHENA,0.640889,-90.76494,MARINO,,,
e5f3d570-156b-11e5-b194-6c3be5ba6ec8,BALLENA,-1.249444,-90.48833,MARINO,,,
"4ca0552e-1566-11e5-b194-6c3be5ba6ec8",ESPAÑOLA,-1.3477,-89.6749,MARINO,,,
e1bdcc54-160b-11e5-80ee-6c3be5ba6ec8,EL TUNO,-0.688295,-89.3746,MARINO,,,
e29bfb2c-14a9-11e5-b2ab-6c3be5ba6ec8,ARBOL LLORON,-0.6476,-90.1808,MARINO,,,
f6bd998d-8ce2-4496-8623-09e53b208303,SOMBRERO CHINO,-0.368181,-90.5839884,TERRESTRE,,CONSERVACIÓN,NATURAL EQUIPADA
"03167e19-0394-4e98-a0bb-7e3f34716bc9",CENTRO DE INTERPRETACIÓN AMBIENTAL GIANNI ARISMENDY,-0.894007,-89.609497,TERRESTRE,BAJA,TRANSICIÓN,CULTURAL-EDUCATIVO
f434abb8-a8e3-11e4-b69d-6c3be5ba6ec8,ISLOTE CALDWELL,-1.304335,-90.334894,MARINO,,CONSERVACIÓN,POR DETERMINAR
c5954a82-1572-11e5-b179-6c3be5ba6ec8,CUARTA PLAYA,-0.99,-91.03,MARINO,,,
c12673ce-d9c6-4871-b092-af1d519f2227,EL CONDENSO,-0.972139,-90.9967,MARINO,,TRANSICIÓN,RECREATIVA
"4efbda74-2fc8-11e5-aecf-6c3be5ba6ec8",EL BAJO FRENTE AL CANON,-0.901110000,-89.62560000,MARINO,,,
"4f079136-15f4-11e5-860a-6c3be5ba6ec8",LOS CUATRO HERMANOS,-0.85295,-90.78476,MARINO,,,
"6918f41c-1616-11e5-bf65-6c3be5ba6ec8",SANTA FE SUR ESTE,-0.87174,-90.11997,MARINO,,,
c63bb7f6-1611-11e5-80ee-6c3be5ba6ec8,DAPHNE MAYOR - ISLA SANTA CRUZ,-0.42251,-90.36899,MARINO,,,
e2f89c1e-3098-11e5-afe0-6c3be5ba6ec8,PARTE SUR - ISLA SANTA FE,-0.841290000,-90.06390000,,,,
"9114a61f-f80f-47a4-bb13-3017e98b45b1",PUNTA SHARK BAY,1.383114,-91.81145,MARINO,,CONSERVACIÓN,NATURAL
"53b675bb-2e13-4015-a501-623ce078042c",ROCAS BEAGLE,-0.412371,-90.6270502,MARINO,,CONSERVACIÓN,NATURAL
"0d8dacb4-2f0c-11e5-9aff-6c3be5ba6ec8",FONDEADERO DEL PNG - ISLA PINTA,0.541200000,-90.73440000,,,,
"63b17470-1613-11e5-bf65-6c3be5ba6ec8",LOS MANGLES,-0.7097,-90.5209,MARINO,,,
"63cdf914-160f-11e5-80ee-6c3be5ba6ec8",VARILLASO,-0.81515,-89.52665,MARINO,,,
"104a9504-160f-11e5-80ee-6c3be5ba6ec8",ROCA FIVE FINGERS,-0.8528,-89.6264,MARINO,,,
"11b10384-1604-11e5-b350-6c3be5ba6ec8",NORTE - ISLA PINTA,0.641300000,-90.77750000,,,,
"12c0fe30-1615-11e5-bf65-6c3be5ba6ec8",SAN VICENTE - ISLA SANTA CRUZ,-0.4984,-90.2414,MARINO,,,
"6e16c6ae-15f5-11e5-860a-6c3be5ba6ec8",MUNECO NORTE,0.0308,-91.53829,MARINO,,,
"6eaaa2c4-14b1-11e5-850a-6c3be5ba6ec8",BAHÍA SEXI,-0.6881,-89.3104,MARINO,,,
d6820c3a-15f5-11e5-860a-6c3be5ba6ec8,PLAYA DE LOS PERROS - ISLA ISABELA,-0.74136,-91.3916,MARINO,,,
d8521498-1572-11e5-b179-6c3be5ba6ec8,EL AHOGADO,-0.96708,-90.9665,MARINO,,,
d980aff4-160e-11e5-80ee-6c3be5ba6ec8,PUNTA PUNUNA,-0.7315,-89.4424,MARINO,,,
"09d3047b-fdac-4976-a675-58127cbb9f40",LA MISIONERA,-1.273341666,-90.489525,TERRESTRE,,APROVECHAMIENTO SUSTENTABLE,POR DETERMINAR
"11ab0908-14b4-11e5-850a-6c3be5ba6ec8",SARTEN,-0.23399,-90.58126,MARINO,,,
f4364f9a-a8e3-11e4-936b-6c3be5ba6ec8,JARDÍN DE LAS OPUNTIAS,-0.94985,-89.55306,TERRESTRE,,APROVECHAMIENTO SUSTENTABLE,CERCANA
"24bbd9e4-1bc2-42a5-8d57-f83e3a17a198",CIUDAD DE LAS MANTAS,-0.045317,-91.193425,MARINO,,CONSERVACIÓN,NATURAL
"5ad6399d-4899-48f8-bce5-48b6dc48f205",CABO HAMMOND,-0.480139,-91.613425,MARINO,,CONSERVACIÓN,NATURAL
"0ff08cef-888b-45bf-9202-13d32830d924",EL BAJO,-0.764417,-90.304704,MARINO,,CONSERVACIÓN,RECREATIVA
c88768dc-bb59-4453-93b5-85c25aa8b10e,CERRO GALLINA,-0.716311,-90.4842083,MARINO,BAJA,APROVECHAMIENTO SUSTENTABLE,CERCANA
e47ac820-1615-11e5-bf65-6c3be5ba6ec8,BAJOS DE SANTA FE,-0.7666,-90.156,MARINO,,,
e5c51efc-15f1-11e5-860a-6c3be5ba6ec8,EL POZON,-0.89,-90.84,MARINO,,,
eab6fd7c-15f6-11e5-860a-6c3be5ba6ec8,PUNTA NEGRA,-1.01864,-91.05577,MARINO,,,
eac838ae-15f5-11e5-860a-6c3be5ba6ec8,PLAYA DEL AMOR,-0.961,-90.9865,MARINO,,,
f43446be-a8e3-11e4-b7df-6c3be5ba6ec8,ISLA EDEN,,,,,,
f4344c5e-a8e3-11e4-8710-6c3be5ba6ec8,ISLA ENDERBY,,,,,,
f43457a8-a8e3-11e4-80c6-6c3be5ba6ec8,ISLA GARDNER POR FLOREANA,,,,,,
b5ab9cfc-a9b6-11e4-87f5-6c3be5ba6ec8,ISLA SANTIAGO,,,MARINO,,,
b5c7c052-1532-11e5-9608-6c3be5ba6ec8,BAHÍA WRECK,-0.8958,-89.6163,MARINO,,,
f4390938-a8e3-11e4-8843-6c3be5ba6ec8,PTO. NUNEZ,,,,,,
b9df8056-160b-11e5-80ee-6c3be5ba6ec8,EL BARRANCO - ISLA SAN CRISTOBAL,-0.9327,-89.4283,MARINO,,,
bb3f71c0-3098-11e5-afe0-6c3be5ba6ec8,PARTE NOROESTE  - ISLA SANTA FE,-0.796370000,-90.08415000,,,,
"148b0478-15f6-11e5-860a-6c3be5ba6ec8",POZA DE LAS DIABLAS,-0.9613,-90.995,MARINO,,,
f438de9a-a8e3-11e4-a4ee-6c3be5ba6ec8,PUNTA TORTUGA,,,MARINO,,,
"15663a0e-15f4-11e5-860a-6c3be5ba6ec8",LOS BARRANCOS - ISLA ISABELA,,,MARINO,,,
"16d64924-160d-11e5-80ee-6c3be5ba6ec8",LAS TIJERETAS,-0.88683,-89.60755,MARINO,,,
f4374eb8-a8e3-11e4-bba4-6c3be5ba6ec8,MOSQUERA - ISLOTE SOMB. CHINO,,,TERRESTRE,,,
f437544e-a8e3-11e4-b934-6c3be5ba6ec8,MUYUYO,,,TERRESTRE,,,
f43759f8-a8e3-11e4-ae25-6c3be5ba6ec8,PAMPA LARGA,,,TERRESTRE,,,
f43767b8-a8e3-11e4-908a-6c3be5ba6ec8,PLAYA TORTUGA BAY,,,TERRESTRE,,,
bc4a39da-30aa-11e5-bd87-6c3be5ba6ec8,LA LOBERÍA POST OFFICE,,,,,,
cd8207ea-1567-11e5-b194-6c3be5ba6ec8,LA HERRADURA,-1.31076,-90.3768,MARINO,,,
cdc5dbfc-2f00-11e5-9aff-6c3be5ba6ec8,LADO NORESTE,-1.218800000,-90.39110000,,,,
a9227e58-14b2-11e5-850a-6c3be5ba6ec8,TAGUS COVE,-0.26409,-91.37233,MARINO,,,
aa5c9070-1605-11e5-b350-6c3be5ba6ec8,RABIDA,-0.435,-90.701,,,,
ceefb6a4-1611-11e5-80ee-6c3be5ba6ec8,DAPHNE MENOR - ISLA SANTA CRUZ,-0.39601,-90.35326,MARINO,,,
f437a368-a8e3-11e4-99cb-6c3be5ba6ec8,PLAYA DE LOS PERROS - ISLA SANTA CRUZ,,,TERRESTRE,,,
f437c0a0-a8e3-11e4-bf20-6c3be5ba6ec8,PLAYA NEGRA - ISLA ISABELA,-0.2332,-91.39633,MARINO,,,
f437f07a-a8e3-11e4-bda0-6c3be5ba6ec8,POSAS LOS CHINOS,,,TERRESTRE,,,
f43585ba-a8e3-11e4-a4f6-6c3be5ba6ec8,ISLOTE LA TORRE,,,,,,
bd0a237e-1612-11e5-bf65-6c3be5ba6ec8,LA LOBERÍA - ISLA SANTA CRUZ,,,MARINO,,,
c22eeb22-1604-11e5-b350-6c3be5ba6ec8,SUR DE LA ISLA - ISLA PINZON,-0.63757,-90.65838000,MARINO,,,
c2ac5e8a-156f-11e5-b194-6c3be5ba6ec8,PIEDRA AMARILLA,-1.3141,-90.3769,,,,
"85cad35c-e63d-4ff1-9784-6fdd5bafb64e",PUNTA DEL MIEDO,-0.81325,-90.03227,MARINO,,CONSERVACIÓN,POR DETERMINAR
dd5c9496-901f-4877-84ad-4b75c4d6c63b,OUTER REEF,-0.9044,-89.6302333,MARINO,,TRANSICIÓN,RECREATIVA
c4153c38-1605-11e5-b350-6c3be5ba6ec8,RABIDA NOR-OESTE,-0.4105,-90.72,MARINO,,,
"4e8d23e7-108e-4b79-a104-352c1dd70e19",ISLOTE PUNTA PITT,-0.6915,-89.2589,MARINO,,CONSERVACIÓN,NATURAL EQUIPADA
f4373d38-a8e3-11e4-8911-6c3be5ba6ec8,MIRADOR,,,TERRESTRE,,,
cbb52b73-9a69-4345-a648-f5e4d7da16b5,ROCAS BAINBRIDGE,-0.3492,-90.5638,MARINO,,CONSERVACIÓN,CONDICIONADO
b73c4d4c-5351-11e5-9f10-6c3be5ba6ec8,LAS SALINAS,-0.7,-89.2759,MARINO,,,
bb8612d0-2f01-11e5-9aff-6c3be5ba6ec8,BAHÍA CARTAGO PEQUENO - ISLA ISABELA,-0.64228,-90.87459,,,,
b4fbd87a-a9ad-11e4-a930-6c3be5ba6ec8,SANTA FE,-0.82133,-90.02925,MARINO,,,
"9ee9a0cc-3098-11e5-afe0-6c3be5ba6ec8",PARTE NORESTE - ISLA SANTA FE,-0.794200000,-90.04510000,,,,
"9ff2601e-15f7-11e5-860a-6c3be5ba6ec8",COLORADO - ISLA MARCHENA,0.3668833,-90.4402418,MARINO,,,
"8ae9c0ec-2b12-11e5-b4b8-6c3be5ba6ec8",ISLA LOBOS - SAN CRISTOBAL,-0.8522,-89.5681,MARINO,,,
f436f1de-a8e3-11e4-b362-6c3be5ba6ec8,LEON DORMIDO PEQUENA,,,TERRESTRE,,,
f436f7c4-a8e3-11e4-a03d-6c3be5ba6ec8,LOS CORALES - ISLA SANTA CRUZ,-0.74566,-90.45076,MARINO,,,
f4370354-a8e3-11e4-b305-6c3be5ba6ec8,LOS GUAYABILLOS,,,TERRESTRE,,,
"890a12b0-160c-11e5-80ee-6c3be5ba6ec8",LAS REPISAS,-0.93575,-89.43985,MARINO,,,
"89a0e794-156c-11e5-b194-6c3be5ba6ec8",EL TROMPO - ISLA FLOREANA,-1.3592,-90.4621,MARINO,,,
"8a52654a-160d-11e5-80ee-6c3be5ba6ec8",MONTONES DE ARENA - ISLA SAN CRISTOBAL,-0.8626,-89.367,MARINO,,,
ac543f42-1568-11e5-b194-6c3be5ba6ec8,LOS BARRANCOS - ISLA ESPAÑOLA,-1.36813,-89.7406,MARINO,,,
f4382aa4-a8e3-11e4-bf93-6c3be5ba6ec8,PUNTA CEVALLOS,-1.39292,-89.61675,MARINO,,,
"29803b60-1569-11e5-b194-6c3be5ba6ec8",MANZANILLO - ISLA ESPAÑOLA,-1.3434,-89.6983,MARINO,,,
"8eb5face-2eff-11e5-9aff-6c3be5ba6ec8",PUERTO COPIANO - ISLA FERNANDINA,-0.303050000,-91.39680000,,,,
"9012968c-152f-11e5-9608-6c3be5ba6ec8",BAHÍA TIGER,,,MARINO,,,
f4357a66-a8e3-11e4-ad6a-6c3be5ba6ec8,ISLOTE LA BANANA,,,,,,
"94a53c5e-15f2-11e5-860a-6c3be5ba6ec8",ISLOTE COWLEY,-0.375,-90.9555,,,,
"959b9c6e-156d-11e5-b194-6c3be5ba6ec8",LA BOTELLA GRANDE,-1.3622,-90.438,MARINO,,,
"970af738-30a8-11e5-bd87-6c3be5ba6ec8",PUNTA SUAREZ - EL SOPLADOR,-1.3833,-89.7374,MARINO,,,
"9e9931f8-1605-11e5-b350-6c3be5ba6ec8",PARTE NOROCCIDENTAL - ISLA RABIDA,-0.4105,-90.69402,MARINO,,,
f43666ce-a8e3-11e4-927b-6c3be5ba6ec8,LA BOTELLA - ISLA DARWIN,,,MARINO,,,
f438c1bc-a8e3-11e4-af7a-6c3be5ba6ec8,PTA. ROBLES,,,MARINO,,,
f4394efc-a8e3-11e4-be0c-6c3be5ba6ec8,PUNTA CARRIÓN,-0.481967,-90.2508833,MARINO,,APROVECHAMIENTO SUSTENTABLE,NATURAL
cc25f81b-0c54-4477-b15d-cba7908ac5ee,EL ARENAL,1.671783,-91.992942,MARINO,,CONSERVACIÓN,NATURAL
"728f089b-6267-4a91-947a-03e436a5ea1b",SEYMOUR CANAL,-0.3996,-90.2737,MARINO,,CONSERVACIÓN,NATURAL EQUIPADA
f438d328-a8e3-11e4-83fb-6c3be5ba6ec8,PTA. SUR,,,MARINO,,,
f436783a-a8e3-11e4-837e-6c3be5ba6ec8,LA CENTRAL - ISLA PINZON,,,TERRESTRE,,,
f436b818-a8e3-11e4-b041-6c3be5ba6ec8,LAGUNA EL JUNCO,,,TERRESTRE,,,
f4370f20-a8e3-11e4-968e-6c3be5ba6ec8,BAHÍA MANZANILLO,,,TERRESTRE,,,
f43714de-a8e3-11e4-a8f5-6c3be5ba6ec8,MANZANILLO - ISLA SANTIAGO,,,TERRESTRE,,,
"81d76cb6-1569-11e5-b194-6c3be5ba6ec8",SOPLADOR,,,MARINO,,,
f4384818-a8e3-11e4-ab3b-6c3be5ba6ec8,PTA. DEDO,,,,,,
f438e46c-a8e3-11e4-b5a7-6c3be5ba6ec8,PUNTA VEINTIMILLA,-0.92,-90.85,MARINO,,,
f438ea34-a8e3-11e4-b9d4-6c3be5ba6ec8,PUNTA VICENTE ROCA - ISLA ISABELA,-0.0545,-91.5653,MARINO,,,
f439b7f2-a8e3-11e4-8edd-6c3be5ba6ec8,EL RADAR,-0.84428,-91.48734,MARINO,,,
f439bf0e-a8e3-11e4-bd6e-6c3be5ba6ec8,RELLENO SANITARIO,,,TERRESTRE,,,
f439c4e0-a8e3-11e4-baca-6c3be5ba6ec8,RESBALADERO,,,TERRESTRE,,,
f439d05c-a8e3-11e4-9ea2-6c3be5ba6ec8,ROCA BAINBRIDGE #1,,,,,,
f439d606-a8e3-11e4-8066-6c3be5ba6ec8,ROCA BAINBRIDGE #2,,,,,,
f439dc00-a8e3-11e4-9a81-6c3be5ba6ec8,ROCA BAINBRIDGE #3,,,,,,
f439e1b4-a8e3-11e4-8de3-6c3be5ba6ec8,ROCA BAINBRIDGE #3A,,,,,,
f42fe06a-a8e3-11e4-ac7f-6c3be5ba6ec8,ARRECIFE DEL CARMEN,,,MARINO,,,
f42fe9c0-a8e3-11e4-9332-6c3be5ba6ec8,ARRECIFE HOBBS,,,MARINO,,,
f43012ec-a8e3-11e4-8e45-6c3be5ba6ec8,BALLENA - ISLA ISABELA,-0.79173,-90.81927,MARINO,,,
f43638ca-a8e3-11e4-82d9-6c3be5ba6ec8,ISLOTE WATSON - ISLOTE WATSON,,,TERRESTRE,,,
f4363e7e-a8e3-11e4-a6dd-6c3be5ba6ec8,ISLOTE WATSON - ISLA FLOREANA,,,MARINO,,,
f439f884-a8e3-11e4-868e-6c3be5ba6ec8,ROCA BAINBRIDGE #7,,,,,,
"066de9da-00a2-4170-a272-46af17805ef3",ROCA BLANCA,-0.551258,-90.858311,MARINO,,CONSERVACIÓN,NATURAL
f438c770-a8e3-11e4-9d85-6c3be5ba6ec8,PUNTA ROCAFUERTE,-0.66281,-90.172,MARINO,,,
f439aba4-a8e3-11e4-ada0-6c3be5ba6ec8,QUINTA PLAYA - ISLA ISABELA,,,,,,
f438881e-a8e3-11e4-8749-6c3be5ba6ec8,LUZ DEL DIA,-1.230969,-90.472039,MARINO,,CONSERVACIÓN,CERCANA
f436c394-a8e3-11e4-9c46-6c3be5ba6ec8,LAS BACHAS,-0.4888,-90.347,MARINO,,,
f4316778-a8e3-11e4-b6c4-6c3be5ba6ec8,BENITA,,,TERRESTRE,,,
f4367236-a8e3-11e4-94cb-6c3be5ba6ec8,LA CENTRAL - ISLA SANTIAGO,,,TERRESTRE,,,
f439a032-a8e3-11e4-8785-6c3be5ba6ec8,PUNTUDO CINCO CERROS,,,TERRESTRE,,,
f4372654-a8e3-11e4-a1a6-6c3be5ba6ec8,MINA GRANILLO NEGRO,,,TERRESTRE,,,
f437e3aa-a8e3-11e4-81e6-6c3be5ba6ec8,PLAZAS,,,,,,
"0135c558-7f00-0010-e895-0000eab76ec8",PLAYA INN,-0.7458583452674037,-90.31093239784241,TERRESTRE,,,NATURAL EQUIPADA
"05e0806f-7f00-0010-e895-000032af5df8",PUNTA SARDINA,-0.7458583452674037,-90.31093239784241,MARINO,,,POR DETERMINAR
"0a38e7a2-160e-11e5-80ee-6c3be5ba6ec8",PLAYA BONITA,-0.8451806,-89.5420833,TERRESTRE,,APROVECHAMIENTO SUSTENTABLE,CERCANA
"481cbec5-0c4c-477a-a878-f71338deb8fb",AEROPUERTO JOSÉ DE VILLAMIL,,,,,,
"2e4bcc4f-7344-4297-b90e-670aa559a620",EL PROGRESO,,,,,,
"01006683-7f00-0010-1180-00007e157630",BAHÍA GARDNER,-1.350899,-89.660027,MARINO,BAJA,CONSERVACIÓN,NATURAL
"086bd243-7f00-0010-e895-0000c2f031ba",LAS NEGRITAS,9895985.95,211925.68,MARINO,,APROVECHAMIENTO SUSTENTABLE,POR DETERMINAR
"0893904e-7f00-0010-e895-000082788cb2",EL PESCADOR,9898396.0,233161.0,MARINO,,APROVECHAMIENTO SUSTENTABLE,RECREATIVA
"836383d1-2169-44e3-adaa-69780e7bf65b",AEROPUERTO ISLA SAN CRISTÓBAL,,,,,,
"6a1e523b-0d0c-4288-81ba-0e5a90bd78f6",EL BOSQUE,,,TERRESTRE,,,
"45b11ede-14b1-11e5-850a-6c3be5ba6ec8",BAHÍA SARDINA,-0.697900552,-89.36371271,TERRESTRE,,CONSERVACIÓN,NATURAL EQUIPADA
"08aabfb3-7f00-0010-e895-0000a2c7d66b",Surf Playa del Muerto,9906508.0,216272.0,MARINO,,APROVECHAMIENTO SUSTENTABLE,POR DETERMINAR
"08a45737-7f00-0010-e895-00005d29a92d",SURF OUTER REEF MANGLECITO,9909067.72,216925.63,MARINO,,APROVECHAMIENTO SUSTENTABLE,POR DETERMINAR
"0df40109-f519-4776-9e61-f595107f5d6e",CENTRO DE ACOPIO FABRICIO VALVERDE,,,TERRESTRE,,,
"8347bc7a-8b05-4d8c-91b0-0a550281e38f",VIVERO,,,TERRESTRE,,,
"2034cd50-b09d-44f6-b1dc-9f17663ff0e0",VIVERO,,,TERRESTRE,,,
"778b2b6a-ea8c-463b-81ee-a2bb36789f8e",KM 27,,,TERRESTRE,,,
"82e85a46-1f35-4773-8c01-517dc02c570a",LA LOBERÍA,,,,,,
"0870f695-7f00-0010-e895-0000b88dc615",BAJO 20 VARAS,9894670.0,214974.0,MARINO,,APROVECHAMIENTO SUSTENTABLE,POR DETERMINAR
"0987df61-7f00-0010-3efb-0000b7b87e40",MUELLE DPNG,-0.7419777,90.30750833,MARINO,,,
a8d0de14-47ef-4551-ba9d-32214106843e,PLAZA SUR,-0.582771,-90.164789,TERRESTRE,BAJA,CONSERVACIÓN,NATURAL EQUIPADA
f4333634-a8e3-11e4-ac93-6c3be5ba6ec8,COMPLEJO DE HUMEDALES,-0.960429,-90.989043,TERRESTRE,BAJA,APROVECHAMIENTO SUSTENTABLE,CERCANA
"5d5f2b72-e1e4-49a5-bd62-5b021274c41b",QUITO - PICHINCHA,,,,,,
"06853a2a-7f00-0010-0903-00008e9ecf9f",Grimaneza,746323,9916990,MARINO,,,NATURAL EQUIPADA
"0688be57-7f00-0010-0903-0000ffebfc1c",CALETA IGUANA,672887,9891935,MARINO,,,NATURAL EQUIPADA
"0692c482-7f00-0010-0903-000052ff003e",CARTAGO CHICO,744600,9918006,TERRESTRE,,,NATURAL EQUIPADA
"5db5c408-b2cb-4c4e-8219-dad4a916d7b2",FINCA PNG OTF,,,"",,,
a95ec75f-c141-4ee1-a57e-f61a38175a8b,CERRO CALVO,,,"",,,
"7a28b3a3-d9c3-484a-ab08-2a3ce49b2b19",PERIMETRAL,,,"",,,
cdbc600d-5d23-46c4-b607-f05f8c6e12c0,LOS SUSPIROS,,,"",,,
b32dba47-9f83-45bb-abff-4d12c45cc34e,BUNKER,,,"",,,
"8ff3b470-e5c3-42d2-802c-d40a90902577",PEOR ES NADA,,,"",,,
f4366124-a8e3-11e4-ba11-6c3be5ba6ec8,LA BOTELLA,-0.798819,-90.0886639,MARINO,,CONSERVACIÓN,NATURAL EQUIPADA
"6ecc5b0a-3078-4a79-9452-b0e17e22ac17",ISLOTE ENDERVY,,,"",,,
"5ff4b227-d91a-4061-8a2e-420641d34b0b",POSA DE LOS PULPOS,,,"",,,
f4388260-a8e3-11e4-960e-6c3be5ba6ec8,PTA. LOBERÍA,,,MARINO,,,
"3fe25a5a-8aa5-421f-abaa-8e2e58d8a020",MUYUYOS,,,"",,,
"070adc13-7f00-0010-0903-00001208203d",PLAYA CORMORANT,674858,9912012,MARINO,,,NATURAL
b383349d-398c-461a-a7b0-2f6817f87c06,GALAPAGUERA,,,"",,,
"3ca38aa8-2139-4b0a-ad88-33378bbed3f8",SENDERO ALLIERI-POST OFFICE,,,"",,,
"214e1f2c-743a-4e6f-9383-5706dd0cfd30",CERRO BRUJO,-0.764398,-89.458891,TERRESTRE,BAJA,APROVECHAMIENTO SUSTENTABLE,NATURAL
f43859a2-a8e3-11e4-be4d-6c3be5ba6ec8,PUNTA ESPEJO,0.310958,-90.40565,MARINO,,CONSERVACIÓN,CONDICIONADO
"8069d708-6770-442b-90ff-366d79513eb5",PLAYA NEGRA,0.322392,-90.5381,MARINO,,CONSERVACIÓN,NATURAL
"72159e2a-c5a0-4ab1-8a04-1e48b35d319b",ISLA LOBOS,-0.858942,-89.568243,TERRESTRE,BAJA,APROVECHAMIENTO SUSTENTABLE,NATURAL EQUIPADA
"830342db-6ca0-4c1a-86dd-56c636e621f4",GALAPAGUERA NATURAL,-0.523722,-90.486732,TERRESTRE,ALTA,CONSERVACIÓN,NATURAL
e0b2f446-3ab5-01e5-9a30-6c3be5ba6ec1,PARQUE ARTESANAL,,,TERRESTRE,,,
c96b7f9c-0fcb-49a7-9a7f-4edf97bf1d22,CAMOTE,-0.663829,-90.3019129,TERRESTRE,,,
"2d89a63f-17e4-45c1-8349-d99b11ea386e",TOMAS DE BERLANGA,,,TERRESTRE,,,
a4326860-ca36-4743-8e64-535fa6d7b3a9,OFICINA TECNICA SAN CRISTOBAL,,,,,,
"04be9583-72f5-46f9-b6cc-eba4aa48a0e4",MIRAMAR,,,TERRESTRE,,,
"799cdd4d-01f8-451f-af82-842f26af2796",LA ESPERANZA,,,,,,
"2e2f6c89-f303-401a-84f8-52f5adde5f3c",CERRO GRANDE,,,,,,
e27398d5-2f03-4d71-98f0-59ffea474bc0,VIVERO FORESTAL,,,,,,
f4368f50-a8e3-11e4-8d8a-6c3be5ba6ec8,LA LOBERÍA,-1.282478,-90.492099,TERRESTRE,BAJA,TRANSICIÓN,RECREATIVA
"3fe25a5a-8aa5-421f-abaa-08e2e58d84a0",PARTE ALTA ZONA PROTEGIDA,,,,,,
"8302e85b-2740-4847-9ee4-be1b247cc800",LOS GUABOS,,,"",,,
"8e6926b6-d6f1-453e-a8b6-fd5eb7fa62a0",VARIOS ZONAS DE LA ISLA,,,"",,,
"5b1e73cf-6eca-4b86-b8de-4db141518b34",TUNELES Y BARRANCO,,,PETRELES,,,
"22677668-16ae-42e9-ba46-e26e42c5e364",ZONA DE PETREL,,,"",,,
"0a92aadc-3874-48a4-aa6e-370b2f390c61",CARMELA PARLA,,,"",,,
"0988966f-497f-4718-9c01-2607d2453203",SAN JOAQUÍN,,,"",,,
"87b3c5b6-1772-4a34-92e3-46f1bec4b03c",EL CHINO,,,"",,,
"9e636726-f354-4c69-98cd-8a9441bcd73c",CERRO VERDE,,,"",,,
"28cebda0-a913-4e6d-9e8b-96bde8ced4a0",ÁREA DE OTOY - LAS GOTERAS,,,"",,,
eb6cb36b-c605-44a8-a686-893a6b3c6bb1,LAS GOTERAS,,,"",,,
ada6fa19-99a3-494e-86b9-834f1f0cd187,LA BORREGUERA,,,"",,,
"8a985d5f-55cf-4f06-be29-f9a78ade63ca",LA SOLEDAD,,,"",,,
"9c6272d8-c4cd-4bc5-9562-8372b37bf27e",CERRO PELADO,,,"",,,
ed400586-e774-42bd-a65d-42d64cd54f4a,EL MANGO,,,"",,,
"4910616e-38f4-49f3-8da7-3a1e3ae2a63d",EL CEMENTERIO,,,"",,,
c966c77d-2482-4bb6-b9e5-30867a4ba959,LA PLANADA,,,"",,,
e5c54cdb-7690-4a0e-9fa5-4cee66ce86fd,EL SOCAVÓN,,,"",,,
d10314cd-3f69-42f6-b637-85048b56b090,LOS ARROYOS,,,"",,,
"9c621ba0-2bf2-4013-8d7f-295404fc5955",CERRO GATO,,,"",,,
"288fb8f1-7d63-4302-bf7f-0593562db170",EL ESPINERO,,,"",,,
d8a32cda-40ec-4832-b430-76f8a5f5e4a1,SITIOS DE VISITA,,,"",,,
"77297dc8-afe4-4357-98ae-3fc9acece270",CERRO SUSPIRO,,,"",,,
"6514d5ef-a816-4678-b7ac-c8c77a435b43",CERRO EL RIPIOSO,,,"",,,
a1ea6f6f-7286-4171-ae8f-b38644385143,PUERTO EGAS,-0.241145,-90.858806,TERRESTRE,MEDIA,CONSERVACIÓN,NATURAL
f438cd6a-a8e3-11e4-9153-6c3be5ba6ec8,PUNTA SUAREZ,-1.36055,-89.745182,TERRESTRE,,CONSERVACIÓN,NATURAL
"455f7f7c-b986-472c-852d-19decf1d72e8",CERRO CALVO_,,,"",,,
d664a102-160b-11e5-80ee-6c3be5ba6ec8,EL PESCADOR,-0.9254,-89.4113,MARINO,,,
d9bde7b9-cb39-407e-a995-f5d5986eb7fc,ISLA EDÉN,-0.559945,-90.536897,MARINO,,CONSERVACIÓN,NATURAL EQUIPADA
af28ed6a-1fe4-4005-be5e-fc69734b3769,LOS TÚNELES,-1.050519,-91.167892,TERRESTRE,,APROVECHAMIENTO SUSTENTABLE,NATURAL EQUIPADA
"61452feb-0a5a-44e0-9ff8-bdfba020170e",EL PLATANO,,,"",,,
"1fee3932-0efd-4391-b500-dfebef8f7e74",BOLIVAR PESANTES,,,"",,,
e7d1d3f6-9578-41a7-8176-fb837d587cf9,RÁBIDA,-0.39961704,-90.70669779,TERRESTRE,MEDIA,CONSERVACIÓN,NATURAL EQUIPADA
f43a99d8-a8e3-11e4-b77a-6c3be5ba6ec8,SAN PEDRO,-1.0358,-91.2282,MARINO,,,
f432a3c2-a8e3-11e4-bfb4-6c3be5ba6e00,CERRO CAZUELA,,,TERRESTRE,,,
f439a032-a8e3-11e4-8785-6c3be5ba6e20,CINCO CERROS,,,TERRESTRE,,,
f43a7cd2-a8e3-11e4-a12d-6c3be5ba6e20,CERRO ORCHILLA,,,TERRESTRE,,,
f6d51ede-1567-11e5-b194-6c3be5ba6ec8,LAS CUEVAS - ISLA ESPAÑOLA,,,MARINO,,,
f433dd50-a8e3-11e4-9d8a-6c3be5ba6ec8,EL TROMPO - ISLA ESPAÑOLA,-1.4077,-89.6848,MARINO,,,
"68b1a4cc-30a8-11e5-bd87-6c3be5ba6ec8",PLAYA BAHÍA GARDNER - ISLA ESPAÑOLA,,,"",,,
"5f105ace-1566-11e5-b194-6c3be5ba6ec8",ISLOTE GARDNER - ISLA ESPAÑOLA,-1.3467,-89.6421,"",,,
c57532a7-c26e-4780-8ac6-3d40719e3f9f,CARMELA PALMA,-0.9086209,-89.5567905,TERRESTRE,,,
"526b7958-e9d5-4224-aab3-43c7d5c40e87",CERRO SAN JUAQUIN,-0.8980395,-89.517469,,,,
"5260650a-cc63-4ba3-b802-1ff634b67859",ASILO DE LA PAZ,-1.314846,-90.447524,TERRESTRE,BAJA,TRANSICIÓN,CERCANA
